SET NAMES UTF8;
DROP DATABASE IF EXISTS app_badboy;
CREATE DATABASE app_badboy CHARSET=UTF8;
USE app_badboy;

-- 演出城市
CREATE TABLE cities(
    cid INT PRIMARY KEY AUTO_INCREMENT,
    city VARCHAR(200)
);
-- 1~11
INSERT INTO cities VALUES
    (1,"北京"),
    (2,"上海"),
    (3,"广州"),
    (4,"成都"),
    (5,"深圳"),
    (6,"杭州"),
    (7,"武汉"),
    (8,"西安"),
    (9,"重庆"),
    (10,"长沙"),
    (11,"南京");

-- 用户列表
CREATE TABLE users(
    uid INT PRIMARY KEY AUTO_INCREMENT,
    uname VARCHAR(200),
    upwd VARCHAR(200),
    email VARCHAR(200),
    phone VARCHAR(200),
    avatar VARCHAR(200),
    -- 真实姓名
    rname VARCHAR(200),
    gender INT,
    -- 关联城市表
    cid INT,
    -- 星座
    const VARCHAR(200),
    -- 血型
    blood VARCHAR(200),
    FOREIGN KEY (cid) REFERENCES cities(cid)
);
-- 1~12
INSERT INTO users VALUES
    (1,"Sunny","123456ab","1090165836@qq.com","18818218069","images/avatar/default.jpg","吴雅丽","1",1,"摩羯","A"),
    (2,"Shirley","12345678","1090165835@qq.com","18818218067","images/avatar/avatar01.jpg","韩梅梅","1",3,"白羊","B"),
    (3,"Alan","123456ab","1090165834@qq.com","18818218066","images/avatar/avatar02.jpg","李雷","0",5,"巨蟹","AB"),
    (4,"Edward","123456ab","1090165833@qq.com","18818218065","images/avatar/avatar03.jpg","徐亮","0",7,"狮子","O"),
    (5,"liang","12345678","liang@qq.com","18818218067","images/avatar/avatar04.jpg","亮亮","1",3,"白羊","B"),
    (6,"ran","123456ab","ran@qq.com","18818218066","images/avatar/avatar05.jpg","然然","0",5,"巨蟹","AB"),
    (7,"dong","123456ab","dong@qq.com","18818218065","images/avatar/dong.jpg","东东","0",7,"狮子","O"),
    (8,"tao","123456ab","tao@qq.com","18818218065","images/avatar/avatar07.jpg","涛涛","0",7,"狮子","O"),
    (9,"tom","12345678","tom@qq.com","18818218067","images/avatar/avatar08.jpg","汤姆","1",3,"白羊","B"),
    (10,"jerry","123456ab","jerry@qq.com","18818218066","images/avatar/avatar09.jpg","杰瑞","0",5,"巨蟹","AB"),
    (11,"jack","123456ab","jack@qq.com","18818218065","images/avatar/avatar10.jpg","杰克","0",7,"狮子","O"),
    (12,"rose","123456ab","rose@qq.com","18818218065","images/avatar/avatar11.jpg","萝丝","0",7,"狮子","O");

-- 演出风格
CREATE TABLE styles(
  stid INT PRIMARY KEY AUTO_INCREMENT,
  stname VARCHAR(200)
);
-- 1~12
INSERT INTO styles VALUES
    (1,"摇滚"),
    (2,"后摇滚"),
    (3,"流行"),
    (4,"朋克"),
    (5,"后朋克"),
    (6,"民谣"),
    (7,"电子"),
    (8,"独立"),
    (9,"Disco"),
    (10,"跳舞"),
    (11,"金属"),
    (12,"世界音乐");

-- 艺人
CREATE TABLE artists(
    aid INT PRIMARY KEY AUTO_INCREMENT,
    aname VARCHAR(16),
    aphoto VARCHAR(128),
    -- 关联演出风格
    stid INT,
    -- 音乐人介绍
    profile  VARCHAR(1024),
    FOREIGN KEY (stid) REFERENCES styles(stid)
);

INSERT INTO artists VALUES
    (1,"宋冬野","images/artists/sdy/hp.jpg",6,"宋冬野，男，1987年生。少时乃痞校红人，歪门邪道，写曲弹弦，尽惹啼笑。后入出版业，不懂装懂，混迹苟活，劣迹斑斑，终婆娑请辞。遂终日闭门黄梁梦，住垃圾堆，喝西北风，食不果腹，衣不遮体。幸遇麻油叶，众人划桨，誓兴歌谣，尊师重道，披斩不惊。卖唱数载，得入摩厂，苦磨一年，发专一张。扛琴走南北，大汗溉东西，但愿做民犬，生世白头偕老。——民犬，就是民谣狗的意思。豆瓣：宋冬野 微博：@宋冬野"),
    (2,"万能青年旅店","images/artists/wq/hp.jpg",1,"站在分割世界的桥 那会儿很多人在愤怒，包括后来的大骗子和假和尚。他们来自石家庄，中国第一压抑的农贸市场。周围到处是忍耐和呐喊，但这些人玩的东西，却散发一些摸不着头脑的唯美气息。他们偏离了杀父和淫母，艺术和革命的正题，倒像莫名其妙丢失了家人的天才儿童，在奔向一个离石家庄太远的乌有之乡。那时候他们还有个英文名字，the nico。以盲瓜theblind melon的女儿自命，布鲁斯，另类摇滚，略带阴柔的唱和咿咿呀呀，一群偏执变态的人，既是小屁孩也是糙汉，他们到底怎么冒出来的。一个迷案。 再后来，社会在洗牌，每把都玩得大，所谓覆巢之下，安有完卵。总之，简单的事情，全变复杂了，复杂的事情，乐队人员全被简单处理了。放眼望去，早死的，文艺的，从良的，被慢慢消化的。他们当然不例外，从生活的狗洞里一点点钻出来，漫长的匍匐岁月，经历所有普通人的麻烦，所有敏感者的痛苦。 到头来他们还要再搞，搞音乐，幸甚至哉。名字变了，万能青年旅店，全世界的青年都在，而且还被招待起来，妙到不靠谱。歌曲的架构越磨越长，极尽繁华之能事，一副梦醒后吾将上下求索的阵势，硬摇滚、前卫摇滚、爵士，胃口够大。另一方面，再大的气魄也遮不住揪心的细节，比如好听的旋律，茫然、倔强、保留童真的唱腔，还有那些歌词，尽是朦胧的理想和彻骨的经验，一半火焰一半海水。这是一言难尽的声音，诚实而且美。 时代列车滚滚碾过，不想给谁以喘息余地。顷刻间，他们显得土，显得慢了，显得不够直接，显得缺乏取悦他人的能力。他们竟然还敢唱中文，还挖掘自我的深处……无形中，他们跟借力打力的全球化唱了反调，跟排坐坐过家家的独立音乐生产线尿不到一个壶。但与此同时，你很难再见到这么意气、这么纯朴的情怀，这般裹挟在漫天的风尘之中仍不离其宗，忘情于街道天空，却又对阴沟水洼中的沉痛念念在兹的诗意。他们在脏水中完成洗礼。不知不觉间，他们成了迷人的怪物，中国新音乐的奇葩，外省青年的历史宝藏，未来无限的精神不动产。好，现在时间到了，去听这些超现实主义土鳖的心跳，去看他们牛逼闪闪的现场。这些个前仆后继的，经常要扫进历史垃圾堆的，曾经苍老而今风华正茂的身体和心灵，现在全部站起来了，成立了，活下去了，发光发热了，来到你面前了。豆瓣：万能青年旅店 微信：wnqnld 微博：@万能青年旅店乐队"),
    (3,"谢天笑","images/artists/xtx/hp.jpg",2,"谢天笑，生于山东淄博，中国摇滚歌手。于1990年初开始创作音乐。1994年底为电影《越南姑娘》创作歌曲《你不像》。1995年，离开出家的猎人乐队。1997年与同样来自山东的同乡李明组建了冷血动物乐队， 随后宁夏银川的鼓手武锐入队，三人编制的冷血动物以狂暴的乐风和无以复加的疯狂演出横扫北京摇滚舞台，在当时中国GRUNGE音乐风起云涌的背景下，冷血动物声名鹊起。如今的谢天笑已经是新摇滚教父。"),
    (4,"马頔","images/artists/md/hp.jpg",3,"马頔（di，第二声。1989年01月15日～）北京人。独立民谣音乐人，诗人，专栏作家，2010年开始民谣音乐演出，2011年组建麻油叶民间组织厂牌。2011年至今，在全国范围内组织厂牌进行了数十场民谣相关演出。豆瓣：马頔 微博：@马頔-麻油叶"),
    (5,"尧十三","images/artists/yss/hp.jpg",6,"尧十三，原名唐尧，1986年8月25日出生于贵州省毕节市织金县，中国内地男歌手，毕业于武汉大学医学院临床专业。1993年，尧十三开始学习二胡演奏。2002年，尧十三在贵州省织金县第二中学初中部学习期间，受表哥影响开始学习吉他演奏。2003年，进入贵州省织金县第二中学高中部学习。2006年，考入武汉大学医学院临床专业。2010年，尧十三开始进行民谣创作，并创作了《宝贝说再见》、《咬之歌》等原创歌曲。尧十三 尧十三 2011年，创作了《北方的女王》、《在四月快结束的时候我们做了一场没有春天的梦》、《不陌生的人》等歌曲；同年4月，尧十三加入麻油叶民间民谣组织后，开始和宋冬野、马頔等独立民谣音乐人创办的厂牌一起参加专场演出 ；同年，推出个人原创单曲《瞎子》，该歌曲是首织金方言歌曲 。2012年，推出个人原创单曲《他爸的》，收录于武汉大学原创音乐集《珞樱II》中；同年，推出个人原创单曲《鸽子吧》，收录于《麻油叶，我不能说》合辑中；同年，创作了《南方的女王》、《旧情人，我是时间的新欢》等歌曲；同年，为娄烨执导的电影《浮城谜事》弹奏吉他曲《我想弹琴给你听》，这是他首次与娄烨合作 。2013年1月12日，与马頔、宋冬野在贵阳举办了'筑城腊梅叶来香'麻油叶贵阳专场演出，现场演唱了《宝贝说再见》、《不陌生的人》、《瞎子》等歌曲 ；同年，推出个人原创单曲《寡妇王二嬢》 ；同年10月，与马頔在参加过摩登天空举办的各类音乐节后，正式签约摩登天空 ；同年，与马頔举行了'午后开始醉酒·马頔&尧十三 下午场'全国巡演 。尧十三 2014年，出演马頔演唱歌曲《南山南》的MV ；同年11月30日，助阵马頔'孤岛全国巡演东渡篇'杭州站，并现场与马頔、宋冬野合唱歌曲《南山南》 ；同年12月，为娄烨执导的电影《推拿》献唱片尾曲《他妈的》，该歌曲是尧十三2010年所创作的。 2015年7月31日，推出个人原创单曲《北方女王》，这是他首张专辑的先行单曲 ；同年8月24日，推出个人原创单曲《雨霖铃》；同年9月16日，推出个人原创单曲《有信心》；同年10月14日，担任'网易云音乐 音乐有态度'全国校园歌手大赛北京赛区的评委；同年10月20日，推出首张个人音乐专辑《飞船，宇航员》，收录了包括《旧情人, 我是时间的新欢》、《北方女王》等在内的12首歌曲。"),
    (6,"新裤子乐队","images/artists/xkz/hp.jpg",4,"新裤子乐队是现今中国最耀眼、别具一格、也是最具冒险精神的偶像摇滚乐队。 乐队成立于1997年至今共发行6张专辑。 多年来新裤子带着他们独具一格的复古情怀始终站在潮流的风口浪尖以'新裤子体系'美学引领了中国时尚文化的发展被多家国外媒体赞 誉为'中国最时髦的乐队'。早期的新裤子乐队深受新浪潮以及oldschool punk 音乐风格影响近年来乐队的音乐则更 趋近于80年代synthpop风格热衷于充满怀旧色彩的东方元素。最新单曲《没有理想的人不伤心》 刚发表新专辑筹备中。"),
    (7,"后海大鲨鱼","images/artists/hh/hp.jpg",5,"QUEEN SEA BIG SHARK 后海大鲨鱼：'DANCE GARAGE！ 带你领略绝对不一样的21世纪！'这是成立于04年冬天的一支由女孩主唱的摇滚乐队，他们创造着属于他们自己的DANCE ROCK，他们洗炼直白富于现场表现，具有跳舞音乐的明快节奏与车库音乐的原始粗糙，同时散发着怀旧的气质，具有如同80年代侦探片般的幽默与紧张。灵活的唱腔的和偏执犀利的口琴代替了舞曲中人声的机械重复，他们喜欢简单直接，也喜欢珠光宝气；喜欢精致，也倡导业余；喜欢新事物，更怀念那个曾经充满生气的年代。这是一支具有相当潜质的北京新摇滚乐队！豆瓣：后海大鲨鱼 微博：@后海大鲨鱼乐队"),
    (8,"左小祖咒","images/artists/zx/hp.jpg",2,"左小祖咒，1970年3月4日出生于中国江苏，内地独立音乐人、诗人小说家、艺术家[1] 。1993年，左小祖咒创建了艺术家部落'北京东村'，并组建NO乐队，于次年制作了第一首录音室歌曲《无解》。1998年，NO乐队首张专辑《走失的主人》赢得了批评家们的高度赞誉。2000年1月，左小祖咒第一本长篇小说《狂犬吠墓》发行。2006年，凭专辑《我不能悲伤地坐在你身旁》获华语音乐传媒大奖最佳摇滚艺人奖。同年还发行了首张电影原声专辑《美国》，收录他制作的电影配乐。2008年，发行双专辑《你知道东方在哪一边》，获华语音乐传媒大奖最佳摇滚艺人等多个奖项 。2010年，在北京世纪剧院举办首次个人演唱会《万事如意》 。5月凭《大事》获华语音乐传媒大奖最佳国语男歌手和最佳作词人两个奖项。2011年，《庙会之旅II》获评华语金曲奖年度国语十大专辑第一名。2013年，《左小祖咒在奶子房》获阿比鹿音乐奖2012年度摇滚音乐奖。2014年签约摩登天空，发行专辑《我们需要个歌手》。已陆续发行了二十多张唱片。同时，他在艺术领域也建树颇丰。1995年和北京东村艺术家集体创作的行为艺术作品《为无名山增高一米》参加了第48届威尼斯国际双年展。2008年，他的作品《我也爱当代艺术》应邀参加了美国佛罗里达、纽约等地的棕榈滩艺术博览会、巴塞尔迈阿密艺术展等国内外多个展览。后也曾应邀赴古巴参加哈瓦那—新中国当代艺术革命展。2015年12月14日，'把那个故事再给我讲一遍'左小祖咒个展开幕 。主要成就 华语音乐传媒大奖最佳国语男歌手 三次华语音乐传媒大奖最佳摇滚艺人 华语音乐传媒大奖最佳词作者 28届金鸡奖最佳电影配乐提名奖 第八届中国金唱片奖 2011中国最美50人—创造之美 音乐风云榜最佳民谣歌曲"),
    (9,"胡德夫","images/artists/hdf/hp.jpg",12,"胡德夫，出生于台湾台东的原住民民歌手，台湾民歌运动、原住民运动的先驱之一。 20世纪70年代，胡德夫与杨弦、李双泽推动了被称为整个华语流行音乐启蒙运动的'民歌运动'。1973 年胡德夫举办了台湾史上第一场个人演唱会。2005年4月，首次出版个人音乐专辑《匆匆》，获得台湾流行音乐百佳专辑（1993年至2005年）第2名。歌曲《太平洋的风》获2006年金曲奖最佳作词人奖、最佳年度歌曲。2011年，发布第二张专辑《大武山蓝调》，并凭此专辑获得在第13届音乐风云榜年度盛典中获得了'最佳民谣专辑'和'最佳民谣歌手'两项大奖。"),
    (10,"阿肆","images/artists/as/hp.jpg",9,"阿肆，上海独立创作女声。2010年以'放肆的肆'为名注册了豆瓣音乐人小站，风格轻松且天马行空，在豆瓣上备受关注，广为大家喜爱。参与过两张独立民谣合辑，以及《little thing恋物志》主办的巡回音乐会。其首张专辑《预谋邂逅》于2013年7月25日由摩登天空发行。2014阿肆参加《中国好歌曲》，被刘欢老师纳入门下。 豆瓣：放肆的肆 微博：@炸鸡少女阿肆 公众微信号：aaa_asi 阿肆"),
    (11,"痛仰","images/artists/ty/hp.jpg",1,"风格：独立摇滚 主唱：高虎 吉它：宋捷 贝司：张静 鼓手：大伟 成立于1999年的痛仰乐队（Miserable Faith）是当下中国享有最高声誉的摇滚乐队之一。组队至今发行专辑及EP共六张，参加各类专场、音乐节演出数百场，获得了覆盖不同年龄层和身份属性的庞大乐迷群。他们从未离开中国摇滚第一线，也是其中少有的始终保持旺盛创作精力并成功实现转型的摇滚劲旅。 2001年发行的首张专辑《这是个问题》和2006年独立发行的EP《不》以说唱金属、硬核与硬摇滚为主，因其极具感染力的现场表演而深受乐迷喜爱。此后，乐队成员开始寻求创作上的改变与突破，自2008年推出专辑《不要停止我的音乐》起，痛仰乐队的作品风格转向更加兼容并蓄的独立摇滚，并获得广泛的关注与赞誉。此后两年，乐队分别推出了不插电现场录音《改变你的生活》和EP《盛开》。睽违四年，痛仰乐队于2014年8月发行录音室专辑《愿爱无忧》，雷鬼乐和更多具有浓郁地域色彩的乐器的融入，标志着痛仰乐队在创作上又进入了崭新的阶段。 十五年间，痛仰由那个在匮乏的青春里，惯于用愤怒抵御周遭的呐喊者和发问者，成为了在自由的公路上，乐于去探寻更多可能的践行者和分享者，说到底，他们把视线的焦点从于外部、于身体的躁动和碰撞，逐渐的调转向度，变为向内心冷暖和生命体验的关注。但在痛仰的这种巨变的背后，是一种不变，——始终只遵循内心的、自然生发而出的音符和律动。 如果说摇滚乐是一种真实的声音，那么首先，这种真实势必是创作者对自我内心状态的正视与忠诚。没有刻意为之的批判或煽情，没有扭捏作态的悲戚或欣喜，音乐里的那些率真、坦然和勇敢，来源于乐队每个成员的自然成长，他们不想肆意地滞留在原地，也没想要超脱到不可企及，痛仰与被他们所感染、触动的听者们，一路相互陪伴和见证了彼此的成长。 脱去被定义的外壳，撕掉被赋予的标签，决心蜕变的痛仰无心顾及那些概念与形式之争，在一路体验和学习中，奔向在表达上更加自由开阔的天地。所以正如我们所见，这支绝不固步自封的公路摇滚乐队，无论是作品还是状态都渐入佳境般愈发成熟，源源不断地焕发出新的光彩和能量。 2015年4月痛仰乐队签约中国最大的独立音乐公司摩登天空，在用音乐改变世界的征程中迈出了坚实的一步，对于未来的企图和野心痛仰乐队从来没有改变，现在的这一切仅仅是一个前奏。"),
    (12,"刺猬Hedgehog","images/artists/cw/hp.jpg",8,"另一个世界的噪音流行，北京摇滚乐队，2005年成立。 发表过《噪音袭击世界》《白日梦蓝》《生之响往》等8张录音室唱片。 官方网站:ciweiyuedui.com"),
    (13,"超级市场","images/artists/cjsc/hp.jpg",8,"'超级市场Supermarket'正式成立于1997年1月，乐队成员包括羽伞（主唱兼吉他）、朱宇航（DJ兼主唱）、王勇（DJ兼鼓手），是中国第一支真正意义上的电子乐队。 '超级市场Supermarket'试图通过音乐赋予数字一种情感，并创造一种矛盾中的和谐，听他们的音乐，总会使听者置身于一种暖洋洋的平静氛围之中，他们并不善于直抒胸臆，而是利用文字与情绪的铺张创造了一个情绪通道，其音乐氛围中的源于随意的'轻松感'并不会给听者施加压力，反而可以使听众在一个不被俯视的环境内寻求一种信心。 豆瓣：超级市场乐队"),
    (14,"低苦艾","images/artists/dka/hp.jpg",6,"乐队成员： Vocal/Guitar:Liu Kun 木吉它/主唱：刘堃 Guitar:San Er 吉它：周旭东 Bass:Xi Bin 贝司：席斌 Drums:Dou Tao 鼓与打击：窦涛 2012年华语传媒最佳乐队、阿比鹿最佳专辑、阿比鹿年度单曲、中国摇滚20年最佳唱片得主---低苦艾乐队以西北人特有的豪情与胸襟检视自己打量世界，将一缕黄河上吹来的风，一捧祁连山上的雪，一块黄土高原的泥土，揉和成一道不矫揉造作但痛快淋漓，不苟合但绝不疏离内心的风情，以独立自持的态度做着自己的音乐。他们的音乐风格独立、迷幻，质朴的民谣根基，多元的配器及丰富的采样，使他们的音乐又有很浓的实验及民族色彩。真挚自然的表达他们对世界的立场，他们对生活的体悟。中国西北最具代表性的乐队之一。 --------他们的音乐像一壶刚烈的西北老酒，甘醇清冽，后劲十足，捕捉着对生命脆弱的美态，打量这个世界目光明敏，细致入微，有一种深邃掩藏在诗化的语言和音乐后面，互相密而不宣却又和谐无痕。如果能从他们的音乐中打捞到清洁与美，你就发现了那个从现实的虚幻转向内心真实的拐角处。 低苦艾乐队是一支民谣摇滚乐队，2003年成立于黄河边的兰州城，在这个有中国西雅图之称的城市里盛产音乐人，那条奔腾流淌的大河终究会使他们产生不一样的情怀，创作出不拘泥于城市文化的音乐，奔放不失细腻，热烈不失深情，豪爽不失人文。经过十年的磨砺，以民谣为基调，凭借敏锐的感受力创作了大量作品，成长为西北最有代表性的摇滚乐队。他们倡导音乐关怀的一面，作品的主题跨度较大 低苦艾乐队，既有对离家漂泊的人再也回不去的乡愁的诉说，家国梦中赤子之心的坦诚《守望者》 《红与黑》，也有追风少年告别父辈时成长的决绝，一气饮下心已醉的《苦艾酒》，有片刻领悟后的浅唱低吟《谁》，永远在路上的《火车快开》等，都是不同意象的表达。他们以独立自持的态度做着自己的音乐，真挚自然的表达对世界的立场，对生活的感悟。2008年签约兵马司唱片公司，2009年发行了专辑《我们不由自主亲吻对方》，2011年发行的专辑《兰州兰州》 深获好评，获得国内多个奖项，以歌曲《兰州兰州》掀起了中国当代青年由漂泊生活回归精神家园的浪潮。2013年继续保持音乐的饱满与歌词的深刻结合的创作方式，发行了更加接近现实生活的新专辑《守望者》。近些年活跃在迷笛、草莓等等众多音乐节上，每年一次大范围全国巡演，从2014年开始进行欧洲多国巡演。2014年3月签约摩登天空唱片公司。"),
    (15,"贰佰","images/artists/eb/hp.jpg",3,"从2011年于网络发表首支单曲《我在太原和谁一起假装悲伤》至今，贰佰的每一首歌都曾被争相分享、传唱，无数年轻人都是在朋友圈里听到并爱上了《玫瑰》和《狗日的青春》，又迅速将其分享给更多人。其无敌口碑和脍炙人口，令'民谣'一词的含义回归本真——它并非一种笼统的音乐风格，而是一种音乐生长和传播的方式。"),
    (16,"黑撒（Balck Head)乐队","images/artists/hs/hp.jpg",8,"他们的创作,天大地大， 满嘴的西安方言像一方豪杰冲锋陷阵； 他们的歌声现实的， 当下年轻一代的生活困境都被他们嬉戏语言大事化小； 他们的技巧是丰满的， 特别是对那个古城的膜拜，已经是他们骨子里的声音。 '黑撒'是来自西安的一支乐队组合，风格主要以陕西方言的Hip-Hop为主，还融合了蓝调、戏曲、爵士、摇滚、电子乐等多种音乐元素。歌词幽默个性，独具风采又引人深思，以叙事为主，抒情为辅，加上悦耳时尚的配乐，演绎'Black Head'化的说唱乐。就好比'黑撒'的歌词中所唱到的，他们要'把老祖宗秦始皇的口音发扬光大'！听完他们的作品，你会发现，原来陕西话是这么动听和迷人。 最初由'夜晚的骑士'和'马蜂'搭档组成，后加入吉他手张宁、贝司手双喜、鼓手毕涛。 黑撒乐队2007年发行专辑《起的比鸡还早》，唱片上市后创下西安本土原创音乐销售的最佳纪录，受到各界的一致好评。并受邀担任阿甘电影《高兴》音乐监制和主创。2009年发行专辑《我的黄金时代》，凭此专辑获得第十届华语音乐传媒大奖'最佳嘻哈艺人'奖。《这个古城》和《命犯相思》被2011年贺岁片《哥的传说》选为片头和片尾曲。黑撒乐队的第三张专辑《西安事变》于2011年12月18日正式发行，单曲《流川枫与苍井空》5月底首发网络推广，便被媒体称为'2011年最感动人心民谣歌曲'。凤凰网，土豆网，新浪视频，搜狐视频，中国摇滚榜，新浪娱乐纷纷首页推荐，凤凰卫视，南方都市报，华商报，西安晚报也采用大篇幅进行报道。新浪微博转发累计超万次。"),
    (17,"马飞","images/artists/mf/hp.jpg",9,"歌手，导演，西安人。陕西四大方言法宝级乐队（其它三个为黑撒乐队、王建房与乐队、玄乐队）最逗趣、最淳朴摇滚艺人，陕西的最流行方言音乐人之一，马飞自高中时期开始学习音乐，大学就读于西安美术学院油画系。大学毕业后，进入摄制组担任美术指导。此间，马飞继续做着与音乐相关的工作，多部知名广告的配乐出自马飞之手，电视台更是邀请他来制作节目音乐。 08年工作闲暇期间，马飞创作了7、8首好听的歌曲。其中《我能Chua》是用关中方言所创作，'我能Chua'是西安话'我没用'的意思，歌词幽默诙谐，调侃底层人员的辛酸生活，让人记忆深刻。作品被张亚东称之为'真正的中国风'。"),
    (18,"舌头乐队","images/artists/styd/hp.jpg",11,"来自新疆的舌头乐队，他们以狂噪不安的歌词和凌乱的节奏演唱着这个社会最真实的声音。乐队以朋克为基调，演唱着这个社会里面的最为不满。《小鸡出壳》这张专辑里面以赤裸裸的歌词对这个社会不满的鞭策。主唱吴吞用时而尖锐的声音发泄着内心的情绪，不是我们不明白，是这个社会变化太快。这一切印证了崔健时代里的思想及其信仰。"),
    (19,"肆伍","images/artists/sw/hp.jpg",7,"肆伍是一个乐队。肆伍乐队组建于2004年8月，乐队风格起初为新金属、工业金属，2011年的新EP肆伍做出了新的改变，乐队风格转变为------死核。 最初，乐队是由五名在校大学生组建，曾多次参加校园乐队演出，并有着不错的反响。后因乐队成员学业及个人原因，先后有三名乐手离队，乐队的发展停滞了近一年的时间。但在此期间，随着新乐手的加入，乐队的风格和音乐元素都有了新的变化和不同程度的丰富。2004年10月乐队便开始了新一轮的发展，不断在北京的各个酒吧进行演出，乐队成员也由此固定，形成现在的阵容 ： 乐队现成员：主唱：杨 寅 / 吉他：张 旭 / 吉他：刘炬燃 / 贝司：旭 日/ 鼓：郭佳龙 乐队原成员：吉他：赵 龙 / 贝司：彭亮"),
    (20,"诱导社","images/artists/yds/hp.jpg",5,"'诱导社'的音乐受'primus'和'红辣椒'的影响颇多（例如：跳动铿锵的贝司、诡异的吉他SOLO等）。在相当一部分作品里，贝司的成分较大。有些听起来好似咬牙切齿一般,有一种嚼蜡似的麻醉感。但除去了PRIMUS式的RAP和部份FUNK成分，取而代之的则是一些更PUNK味儿的东西。 虽然乐队成员都很年轻，但在音乐上却十分老道，与那些和他们同龄的乐队相比，无论在技术上还是风格上，都有很大不同。主唱雷霖通过自己对生活的独特认识，在歌词的创作方面大胆揭露社会以及人性的丑陋阴暗面，并运用肮脏的音乐语言，来表达内心欲望的冲动和对于现实的批判与嘲讽。 他们的作品以性为主，涉及政治，揭露、反抗、谐谑，发泄不满，寻求自由。音乐中融合了punk、funk、gothic、grunge等多种音乐元素，不能定义其音乐风格。 豆瓣：诱导社LURE 微博：@诱导社乐队lure 微信：微信：youdaosheyuedui");

CREATE TABLE art_pics(
    pid INT PRIMARY KEY AUTO_INCREMENT,
    -- 关联艺人
    aid INT, 
    -- 图片路径
    pic VARCHAR(128),
    FOREIGN KEY (aid) REFERENCES artists(aid)
);
INSERT INTO art_pics VALUES
    (NULL,1,"images/artists/sdy/sdy01.jpg"),
    (NULL,1,"images/artists/sdy/sdy02.jpg"),
    (NULL,1,"images/artists/sdy/sdy03.jpg"),
    (NULL,1,"images/artists/sdy/sdy04.jpg"),
    (NULL,1,"images/artists/sdy/sdy05.jpg"),
    (NULL,1,"images/artists/sdy/sdy06.jpg"),
    (NULL,1,"images/artists/sdy/sdy07.jpg"),
    (NULL,1,"images/artists/sdy/sdy08.jpg"),
    (NULL,2,"images/artists/wq/wq01.jpg"),
    (NULL,2,"images/artists/wq/wq02.jpg"),
    (NULL,2,"images/artists/wq/wq03.jpg"),
    (NULL,2,"images/artists/wq/wq04.jpg"),
    (NULL,3,"images/artists/xtx/xtx01.jpg"),
    (NULL,3,"images/artists/xtx/xtx02.jpg"),
    (NULL,3,"images/artists/xtx/xtx03.jpg"),
    (NULL,3,"images/artists/xtx/xtx04.jpg"),
    (NULL,3,"images/artists/xtx/xtx05.jpg"),
    (NULL,3,"images/artists/xtx/xtx06.jpg"),
    (NULL,3,"images/artists/xtx/xtx07.jpg"),
    (NULL,3,"images/artists/xtx/xtx08.jpg"),
    (NULL,4,"images/artists/md/md01.jpg"),
    (NULL,4,"images/artists/md/md02.jpg"),
    (NULL,4,"images/artists/md/md03.jpg"),
    (NULL,4,"images/artists/md/md04.jpg"),
    (NULL,4,"images/artists/md/md05.jpg"),
    (NULL,5,"images/artists/yss/yss01.jpg"),
    (NULL,5,"images/artists/yss/yss02.jpg"),
    (NULL,5,"images/artists/yss/yss03.jpg"),
    (NULL,5,"images/artists/yss/yss04.jpg"),
    (NULL,5,"images/artists/yss/yss05.jpg"),
    (NULL,5,"images/artists/yss/yss06.jpg"),
    (NULL,5,"images/artists/yss/yss07.jpg"),
    (NULL,6,"images/artists/xkz/xkz.jpg"),
    (NULL,7,"images/artists/hh/hh01.jpg"),
    (NULL,7,"images/artists/hh/hh02.jpg"),
    (NULL,7,"images/artists/hh/hh03.jpg"),
    (NULL,7,"images/artists/hh/hh04.jpg"),
    (NULL,7,"images/artists/hh/hh05.jpg"),
    (NULL,7,"images/artists/hh/hh06.jpg"),
    (NULL,7,"images/artists/hh/hh07.jpg"),
    (NULL,7,"images/artists/hh/hh08.jpg"),
    (NULL,8,"images/artists/zx/zx01.jpg"),
    (NULL,8,"images/artists/zx/zx02.jpg"),
    (NULL,8,"images/artists/zx/zx03.jpg"),
    (NULL,8,"images/artists/zx/zx04.jpg"),
    (NULL,8,"images/artists/zx/zx05.jpg"),
    (NULL,9,"images/artists/hdf/hdf01.jpg"),
    (NULL,9,"images/artists/hdf/hdf02.jpg"),
    (NULL,9,"images/artists/hdf/hdf03.jpg"),
    (NULL,9,"images/artists/hdf/hdf04.jpg"),
    (NULL,9,"images/artists/hdf/hdf05.jpg"),
    (NULL,10,"images/artists/as/as01.jpg"),
    (NULL,10,"images/artists/as/as02.jpg"),
    (NULL,10,"images/artists/as/as03.jpg"),
    (NULL,10,"images/artists/as/as04.jpg"),
    (NULL,10,"images/artists/as/as05.jpg"),
    (NULL,11,"images/artists/ty/ty01.jpg"),
    (NULL,11,"images/artists/ty/ty02.jpg"),
    (NULL,11,"images/artists/ty/ty03.jpg"),
    (NULL,11,"images/artists/ty/ty04.jpg"),
    (NULL,11,"images/artists/ty/ty05.jpg"),
    (NULL,11,"images/artists/ty/ty06.jpg"),
    (NULL,11,"images/artists/ty/ty07.jpg"),
    (NULL,11,"images/artists/ty/ty08.jpg"),
    (NULL,11,"images/artists/ty/ty09.jpg"),
    (NULL,11,"images/artists/ty/ty10.jpg"),
    (NULL,12,"images/artists/cw/cw01.jpg"),
    (NULL,12,"images/artists/cw/cw02.jpg"),
    (NULL,12,"images/artists/cw/cw03.jpg"),
    (NULL,12,"images/artists/cw/cw04.jpg"),
    (NULL,12,"images/artists/cw/cw05.jpg"),
    (NULL,12,"images/artists/cw/cw06.jpg"),
    (NULL,13,"images/artists/cjsc/cjsc01.jpg"),
    (NULL,13,"images/artists/cjsc/cjsc02.jpg"),
    (NULL,14,"images/artists/dka/dka01.jpg"),
    (NULL,14,"images/artists/dka/dka02.jpg"),
    (NULL,14,"images/artists/dka/dka03.jpg"),
    (NULL,14,"images/artists/dka/dka04.jpg"),
    (NULL,14,"images/artists/dka/dka05.jpg"),
    (NULL,14,"images/artists/dka/dka06.jpg"),
    (NULL,14,"images/artists/dka/dka07.jpg"),
    (NULL,14,"images/artists/dka/dka08.jpg"),
    (NULL,14,"images/artists/dka/dka09.jpg"),
    (NULL,14,"images/artists/dka/dka10.jpg"),
    (NULL,15,"images/artists/eb/eb01.jpg"),
    (NULL,15,"images/artists/eb/eb02.jpg"),
    (NULL,15,"images/artists/eb/eb03.jpg"),
    (NULL,15,"images/artists/eb/eb04.jpg"),
    (NULL,16,"images/artists/hs/hs01.jpg"),
    (NULL,16,"images/artists/hs/hs02.jpg"),
    (NULL,16,"images/artists/hs/hs03.jpg"),
    (NULL,16,"images/artists/hs/hs04.jpg"),
    (NULL,16,"images/artists/hs/hs05.jpg"),
    (NULL,16,"images/artists/hs/hs06.jpg"),
    (NULL,16,"images/artists/hs/hs07.jpg"),
    (NULL,16,"images/artists/hs/hs08.jpg"),
    (NULL,16,"images/artists/hs/hs09.jpg"),
    (NULL,16,"images/artists/hs/hs10.jpg"),
    (NULL,17,"images/artists/mf/mf01.jpg"),
    (NULL,17,"images/artists/mf/mf02.jpg"),
    (NULL,17,"images/artists/mf/mf03.jpg"),
    (NULL,18,"images/artists/styd/styd01.jpg"),
    (NULL,18,"images/artists/styd/styd02.jpg"),
    (NULL,18,"images/artists/styd/styd03.jpg"),
    (NULL,18,"images/artists/styd/styd04.jpg"),
    (NULL,19,"images/artists/sw/sw01.jpg"),
    (NULL,19,"images/artists/sw/sw02.jpg"),
    (NULL,19,"images/artists/sw/sw03.jpg"),
    (NULL,19,"images/artists/sw/sw04.jpg"),
    (NULL,20,"images/artists/yds/yds01.jpg"),
    (NULL,20,"images/artists/yds/yds02.jpg"),
    (NULL,20,"images/artists/yds/yds03.jpg"),
    (NULL,20,"images/artists/yds/yds04.jpg"),
    (NULL,20,"images/artists/yds/yds05.jpg");
-- 艺人作品
CREATE TABLE albums(
    -- 作品编号
    alid INT PRIMARY KEY AUTO_INCREMENT,  
    aid INT,
    FOREIGN KEY (aid) REFERENCES artists(aid)
);
-- 艺人的粉丝
CREATE TABLE fans(
    fid INT PRIMARY KEY AUTO_INCREMENT,
    -- 关联艺人
    aid INT, 
    -- 关联用户
    uid INT,
    FOREIGN KEY (uid) REFERENCES users(uid),
    FOREIGN KEY (aid) REFERENCES artists(aid)
);
INSERT INTO fans VALUES 
    (NULL,5,11),(NULL,17,12),(NULL,9,7),(NULL,5,1),(NULL,12,12),(NULL,8,4),(NULL,4,9),(NULL,11,6),(NULL,14,7),(NULL,4,5),(NULL,18,12),(NULL,14,6),(NULL,14,3),(NULL,8,7),(NULL,6,2),(NULL,10,7),(NULL,20,2),(NULL,15,12),(NULL,12,1),(NULL,7,1),(NULL,17,1),(NULL,5,4),(NULL,11,10),(NULL,9,5),(NULL,18,3),(NULL,6,12),(NULL,13,7),(NULL,18,9),(NULL,10,6),(NULL,9,5),(NULL,2,3),(NULL,16,6),(NULL,9,11),(NULL,8,5),(NULL,12,2),(NULL,10,3),(NULL,16,5),(NULL,16,4),(NULL,3,10),(NULL,15,9),(NULL,2,6),(NULL,5,3),(NULL,18,7),(NULL,12,7),(NULL,8,1),(NULL,14,10),(NULL,10,4),(NULL,12,2),(NULL,9,2),(NULL,7,1),(NULL,7,6),(NULL,16,4),(NULL,6,8),(NULL,20,6),(NULL,20,3),(NULL,5,9),(NULL,6,5),(NULL,16,6),(NULL,2,4),(NULL,18,11),(NULL,16,10),(NULL,11,3),(NULL,14,4),(NULL,6,8),(NULL,20,5),(NULL,4,11),(NULL,10,6),(NULL,6,9),(NULL,12,8),(NULL,16,11),(NULL,19,9),(NULL,9,10),(NULL,7,12),(NULL,16,9),(NULL,12,9),(NULL,4,1),(NULL,12,7),(NULL,10,3),(NULL,10,4),(NULL,10,3),(NULL,20,8),(NULL,6,6),(NULL,1,7),(NULL,4,6),(NULL,3,10),(NULL,10,5),(NULL,13,1),(NULL,10,9),(NULL,1,6),(NULL,4,9),(NULL,15,7),(NULL,9,7),(NULL,3,11),(NULL,2,1),(NULL,13,5),(NULL,2,7),(NULL,12,7),(NULL,16,3),(NULL,8,8),(NULL,2,11),(NULL,16,10),(NULL,18,9),(NULL,4,11),(NULL,9,7),(NULL,10,8),(NULL,12,4),(NULL,14,7),(NULL,1,5),(NULL,2,12),(NULL,15,10),(NULL,4,5),(NULL,14,1),(NULL,1,4),(NULL,5,11),(NULL,12,6),(NULL,13,1),(NULL,15,3),(NULL,4,3),(NULL,5,7),(NULL,8,5),(NULL,11,9),(NULL,17,8),(NULL,11,3),(NULL,2,1),(NULL,7,6),(NULL,9,12),(NULL,20,12),(NULL,19,5),(NULL,4,6),(NULL,1,5),(NULL,7,12),(NULL,9,4),(NULL,10,5),(NULL,18,3),(NULL,16,3),(NULL,13,6),(NULL,16,8),(NULL,12,5),(NULL,15,9),(NULL,20,5),(NULL,2,6),(NULL,12,12),(NULL,9,9),(NULL,4,4),(NULL,7,11),(NULL,7,12),(NULL,17,11),(NULL,17,12),(NULL,8,5),(NULL,17,9),(NULL,1,10),(NULL,8,7),(NULL,3,1),(NULL,16,7),(NULL,17,1),(NULL,15,6),(NULL,1,3),(NULL,6,8),(NULL,3,1),(NULL,19,7),(NULL,15,10),(NULL,13,5),(NULL,1,9),(NULL,19,5),(NULL,8,11),(NULL,8,6),(NULL,1,6),(NULL,8,10),(NULL,11,9),(NULL,3,1),(NULL,15,1),(NULL,17,9),(NULL,6,12),(NULL,7,10),(NULL,15,10),(NULL,6,3),(NULL,20,2),(NULL,15,3),(NULL,2,10),(NULL,4,11),(NULL,8,1),(NULL,9,2),(NULL,6,9),(NULL,12,11),(NULL,18,10),(NULL,19,5),(NULL,10,5),(NULL,8,11),(NULL,20,6),(NULL,13,8),(NULL,6,6),(NULL,19,6),(NULL,2,6),(NULL,19,2),(NULL,7,1),(NULL,2,1),(NULL,13,3),(NULL,7,2),(NULL,8,12),(NULL,16,7);
-- 演出表
CREATE TABLE shows(
    sid INT PRIMARY KEY AUTO_INCREMENT,
    stitle VARCHAR(200),
    sphoto VARCHAR(200),
    -- 演出信息
    description TEXT
);
-- 1~20
INSERT INTO shows VALUES
    (NULL," 独家 「粽大事件」 ONE THIRD X SMILEY派对 DAN TEPFER TRIO 独家 【狸猫音乐】学生专场VOL.2 ","images/shows/960ab7b2595942f9a95bd25cf9765eee_600_800_338067.0x0.jpg","<p style='text-align: left;'><span style='font-family: 宋体, SimSun; font-size: 14px;'><strong>演出艺人：混合理论,脆莓,再见日落,留守儿童</strong></span></p><p style='text-align: left;'><span style='font-family: 宋体, SimSun; font-size: 14px;'><strong>演出场地：MAO Livehouse北京</strong></span></p><p style='text-align: left;'><span style='font-family: 宋体, SimSun; font-size: 14px;'><br></span></p><p style='text-align: left;'><span style='font-family: 宋体, SimSun; font-size: 14px;'>早高峰的地铁的电梯载着不计其数的年轻人艰难攀行，列车往返的报站声带着机械的寡淡和愚昧，年轻人们面无表情，手机投射到脸上的光是这座城市对他们的唯一关照。</span></p><p style='text-align: left;'><span style='font-family: 宋体, SimSun; font-size: 14px;'>&nbsp;</span></p><p style='text-align: left;'><span style='font-family: 宋体, SimSun; font-size: 14px;'>当假期倏然降临，年轻人陷入突然被宠幸的受宠若惊中变得手足无措起来，他们更加无所事事，只能闷头入睡。</span></p><p style='text-align: left;'><span style='font-family: 宋体, SimSun; font-size: 14px;'>&nbsp;</span></p><p style='text-align: left;'><span style='font-family: 宋体, SimSun; font-size: 14px;'>夜色裹挟这座城市中的时候，年轻人缓缓醒来。终日上班的疲惫在睡眠的关照下变得愈发狂妄起来，他们感觉到每一个关节都在呼啸着疼痛，除了一点依靠以外他们别无所求。</span></p><p style='text-align: left;'><span style='font-family: 宋体, SimSun; font-size: 14px;'>&nbsp;</span></p><p style='text-align: left;'><span style='font-family: 宋体, SimSun; font-size: 14px;'>家在这个时候尤其鞭长莫及，粽子的糯米粘腻得像他们无法摆脱的生活，所以此刻粽子也毫无吸引力。</span></p><p style='text-align: left;'><span style='font-family: 宋体, SimSun; font-size: 14px;'>&nbsp;</span></p><p style='text-align: left;'><span style='font-family: 宋体, SimSun; font-size: 14px;'>每一个人在此刻都向空气中抽象，越来越抽象，直到抽象成一个寻求慰藉的孤魂。</span></p><p style='text-align: left;'><span style='font-family: 宋体, SimSun; font-size: 14px;'>&nbsp;</span></p><p style='text-align: left;'><span style='font-family: 宋体, SimSun; font-size: 14px;'>请在晚上到MAO来跟我们赴约，与每一个同样的灵魂彼此依靠。</span></p><p style='text-align: left;'><span style='font-family: 宋体, SimSun; font-size: 14px;'>&nbsp;</span></p><p style='text-align: left;'><span style='font-family: 宋体, SimSun; font-size: 14px;'>这是我们每一个人的粽大事件。</span></p><p style='text-align: left;'><span style='font-family: 宋体, SimSun; font-size: 14px;'>&nbsp;</span></p><p style='text-align: left;'><span style='font-family: 宋体, SimSun; font-size: 14px;'>&nbsp;</span><br></p><p style='text-align: left;'><span style='font-family: 宋体, SimSun; font-size: 14px;'>一</span></p><p style='text-align: left;'><span style='font-family: 宋体, SimSun; font-size: 14px;'>脆莓</span></p><p><br></p><p style='text-align: left;'><span style='font-family: 宋体, SimSun; font-size: 14px;'>&nbsp;<img src='https://s2.showstart.com/img/2019/20190520/2134361e5c714b9eaf8bbbe129f00a42_800_532_53384.0x0.jpg?imageMogr2/thumbnail/640x/gravity/Center/crop/640x' title='/img/2019/20190520/2134361e5c714b9eaf8bbbe129f00a42_800_532_53384.0x0.jpg' alt=''></span></p><p style='text-align: left;'><span style='font-family: 宋体, SimSun; font-size: 14px;'>&nbsp;</span></p><p style='text-align: left;'><span style='font-family: 宋体, SimSun; font-size: 14px;'></span>脆莓乐队（brickleberry） 国内年轻一代Dance Rock先行军，专辑一经问世，便受到广泛关注，粉丝多为年轻一代人，拥有更新潮的思想和音乐审美。 先后受邀参加影响城市之声，迷笛音乐节，草莓音乐节 等一些列演出，收获大批歌迷。更有乐评人点评：他们是新一代的摇滚代表之一 他们创作的极富特质的作品,配以感染力十足的词作,用诗歌的感觉 、天真的视角、更有记忆点的旋律阐述严肃思想。 将70年代嬉皮文化的精髓融入80年代的潮流,又宛若行走于今天的时代前沿的梦境中。 新鲜的脆莓将复杂的情绪融入音乐,撕毁生活假象,毫不客气,越悲怆就越嬉皮,脆莓希望毎个人都不要放弃做白日梦的权利。 脆莓只是一个火引,当他发声,参与其中,将会营造出一个共同的梦境。 风格： Dance-Punk /Synth rock/ Indie Rock 主唱／吉他：范文珂 吉他手：阿生 贝斯：郑宗鸿 鼓手：韩澈<span style='font-family: 宋体, SimSun; font-size: 14px;'></span></p><p style='text-align: left;'><span style='font-family: 宋体, SimSun; font-size: 14px;'>&nbsp;</span></p><p style='text-align: left;'><span style='font-family: 宋体, SimSun; font-size: 14px;'>二</span></p><p style='text-align: left;'><span style='font-family: 宋体, SimSun; font-size: 14px;'>混合理论</span></p><p><br></p><p style='text-align: left;'><span style='font-family: 宋体, SimSun; font-size: 14px;'>&nbsp;<img src='https://s2.showstart.com/img/2019/20190517/1aa7d2271ad44c25a965b40672cd8306_1416_1048_152450.0x0.jpg?imageMogr2/thumbnail/640x/gravity/Center/crop/640x' title='/img/2019/20190517/1aa7d2271ad44c25a965b40672cd8306_1416_1048_152450.0x0.jpg' alt=''></span></p><p style='text-align: left;'><span style='font-family: 宋体, SimSun; font-size: 14px;'><br></span></p><p style='text-align: left;'><span style='font-family: 宋体, SimSun; font-size: 14px;'>一支活跃在北京的流行摇滚乐队于2017年成立，乐队作品结合了EMO、金属、朋克等风格，音乐内容经过乐队成员的数次打磨表达着他对摇滚乐不变的追求，他也希望通过自己的作品，向观众传递积极面对生活和梦想的态度。</span></p><p style='text-align: left;'><span style='font-family: 宋体, SimSun; font-size: 14px;'>&nbsp;</span></p><p style='text-align: left;'><span style='font-family: 宋体, SimSun; font-size: 14px;'>科班出身的主唱具备扎实的演唱功底、丰富的舞台表演经验、别具一格的嗓音、细致的把握着对每一首作品的表达。从小执着于音乐的吉他手多年从事内容创作、参与多次大型演唱会表演、为电影制作配乐，阅历十分丰富，把控着乐队作品的创作方向。90后女吉他手，2019年加入乐队，15岁开始接触音乐，演出风格沉稳有力，表达着多变的她对音乐深刻的理解。小贝是一名职业乐手，曾担任多支知名乐队贝斯，极具表现力的台风，是他独特的标签。坚持自我、做喜欢做的事情，15岁的女鼓手坚定的走在摇滚乐这条道路上。</span><span style='font-family: 宋体, SimSun; font-size: 14px;'>&nbsp;</span></p><p style='text-align: left;'><span style='font-family: 宋体, SimSun; font-size: 14px;'>&nbsp;</span></p><p style='text-align: left;'><span style='font-family: 宋体, SimSun; font-size: 14px;'>三</span></p><p style='text-align: left;'><span style='font-family: 宋体, SimSun; font-size: 14px;'>留守儿童</span></p><p><br></p><p style='text-align: left;'><span style='font-family: 宋体, SimSun; font-size: 14px;'>&nbsp;<img src='https://s2.showstart.com/img/2019/20190517/087a839dcd9e4bc2b3e7f6d99ef6c444_1412_920_1940509.0x0.jpg?imageMogr2/thumbnail/640x/gravity/Center/crop/640x' title='/img/2019/20190517/087a839dcd9e4bc2b3e7f6d99ef6c444_1412_920_1940509.0x0.jpg' alt=''></span></p><p style='text-align: left;'><span style='font-family: 宋体, SimSun; font-size: 14px;'>&nbsp;</span></p><p style='text-align: left;'><span style='font-family: 宋体, SimSun; font-size: 14px;'>留守儿童乐队，2017年底成立于北京的新金属乐队，经历了两年时间的历练，共计发表《行走在边缘的角落》一张专辑，《柒》、《散在风里》两首单曲，参演了多场室内Live演出、无边音乐节，草莓音乐节等多场音乐节。2019年乐队经历了全新的成员变更，目前以稳定的阵容向更成熟更优秀的方向发展。留守儿童乐队的风格以新金属为主，却不拘泥于此，在其中不断融入戏曲、民乐等国风元素；乐队也从不满足于粉饰太平、趋炎附势的表达，愿将歌词化作一把利刃刺向每一个听众的麻木神经，对于时势的思考，对于不公的愤怒，对于弱者的同情，都是乐队歌词里从不避讳的主体。留守儿童乐队不可谓不是注入北京金属音乐脉搏里的一注崭新血液，乐队拒绝谄媚和雷同，力求成为一成不变的金属市场中最耳目一新、过耳难忘的新兴存在。&nbsp;</span></p><p style='text-align: left;'><span style='font-family: 宋体, SimSun; font-size: 14px;'>&nbsp;</span></p><p style='text-align: left;'><span style='font-family: 宋体, SimSun; font-size: 14px;'>&nbsp;</span></p><p style='text-align: left;'><span style='font-family: 宋体, SimSun; font-size: 14px;'>四</span></p><p style='text-align: left;'><span style='font-family: 宋体, SimSun; font-size: 14px;'>再见日落</span></p><p><br></p><p style='text-align: left;'><span style='font-family: 宋体, SimSun; font-size: 14px;'>&nbsp;<img src='https://s2.showstart.com/img/2019/20190517/2cb2e6fd9dd146fd8a5fd574f496a20f_1396_740_155314.0x0.jpg?imageMogr2/thumbnail/640x/gravity/Center/crop/640x' title='/img/2019/20190517/2cb2e6fd9dd146fd8a5fd574f496a20f_1396_740_155314.0x0.jpg' alt=''></span></p><p style='text-align: left;'><span style='font-family: 宋体, SimSun; font-size: 14px;'>&nbsp;</span></p><p style='text-align: left;'><span style='font-family: 宋体, SimSun; font-size: 14px;'>2013年成立，混迹现代音乐学院与迷笛学院之间，由于对舞台表演的热爱、对音乐创作的执着、与粉丝分享激情的迫切渴望，哥几个走到了一起。躺着Breakdown，蹲着螃蟹步，满满的攻击性犹如奔驰AMG。随着时光匆匆，哥几个依然满腹激情，反而对音乐的要求越来越高。再见日落总觉得成熟的现场一定需要精心策划的舞美设计、灯光控制、高庙厦调音，都是再见日落一直追求的专业精神，也许这就是成长。对于创作，爆炸的超低阀绪、动听的抒情旋律、盛至还有抖腿电音等都是再见日落到作品的解读强调层次丰富的听觉、现场台风的视觉，初春做到多感体验式现场。再见日落认为，演出不能只顾自己，在表达作品思想的同时，更应该为观众服务，所有人一起共鸣才是成功的表演。</span></p><p style='text-align: left;'><span style='font-family: 宋体, SimSun; font-size: 14px;'><br></span></p><p style='text-align: left;'><span style='font-family: 宋体, SimSun; font-size: 14px;'><br></span></p><p style='text-align: left;'><span style='font-family: 宋体, SimSun; font-size: 14px;'><br></span></p><p style='text-align: left;'><span style='font-family: 宋体, SimSun; font-size: 14px;'></span></p><p style='margin-top:0;margin-right:0;margin-bottom:0;margin-left:0;text-indent:0;padding:0 0 0 0 ;text-autospace:ideograph-numeric;text-align:justify;text-justify:inter-ideograph;line-height:150%'><strong><span style='font-family: 宋体;line-height: 150%;letter-spacing: 0;font-size: 14px'><span style='font-family:宋体'>购票须知</span></span></strong></p><p style='margin-top:0;margin-right:0;margin-bottom:0;margin-left:0;text-indent:0;padding:0 0 0 0 ;text-autospace:ideograph-numeric;text-align:justify;text-justify:inter-ideograph;line-height:150%'><strong><span style='font-family: 宋体;line-height: 150%;letter-spacing: 0;font-size: 14px'>1.本场演出不支持退换票，如无法正常观看，还请自行处理，给您带来不便敬请谅解；</span></strong></p><p style='margin-top:0;margin-right:0;margin-bottom:0;margin-left:0;text-indent:0;padding:0 0 0 0 ;text-autospace:ideograph-numeric;text-align:justify;text-justify:inter-ideograph;line-height:150%'><strong><span style='font-family: 宋体;line-height: 150%;letter-spacing: 0;font-size: 14px'>2.本场演出凭电子票二维码核验入场，无实体票，场地内不设座位，均为站席观演；</span></strong></p><p style='margin-top:0;margin-right:0;margin-bottom:0;margin-left:0;text-indent:0;padding:0 0 0 0 ;text-autospace:ideograph-numeric;text-align:justify;text-justify:inter-ideograph;line-height:150%'><strong><span style='font-family: 宋体;line-height: 150%;letter-spacing: 0;font-size: 14px'>3.请勿发布任何形式的转票信息。</span></strong></p><p style='text-align: left;'><span style='font-family: 宋体, SimSun; font-size: 14px;'><br></span><br></p><p><br></p>"),
    (NULL," DAN TEPFER TRIO ONE THIRD X SMILEY派对 独家 【狸猫音乐】学生专场VOL.2 独家 #免票#KATTY&THE KOOLZ乐队流行音乐专场演出 ","images/shows/60037798cd684df2b53f080706158b7c_600_800_76243.0x0.jpg","<p><img src='https://s2.showstart.com/img/2019/20190507/d9086aa95a114921bbf5cc51ab26ff7e_553_273_24154.0x0.jpg?imageMogr2/thumbnail/640x/gravity/Center/crop/640x' title='/img/2019/20190507/d9086aa95a114921bbf5cc51ab26ff7e_553_273_24154.0x0.jpg' alt=''></p><p><br></p><p><br></p><p><span style='font-size: 14px; font-family: 宋体, SimSun;'><strong>日期/Date：2019年6月7日（周五）</strong></span></p><p><span style='font-size: 14px; font-family: 宋体, SimSun;'><strong>第一场1st</strong></span></p><p><span style='font-size: 14px; font-family: 宋体, SimSun;'>入场时间/Door Time：6:00 PM</span></p><p><span style='font-size: 14px; font-family: 宋体, SimSun;'>演出时间/Show Time：7:30PM</span></p><p><span style='font-size: 14px; font-family: 宋体, SimSun;'>&nbsp;</span></p><p><span style='font-size: 14px; font-family: 宋体, SimSun;'>B2剧场票价Ticket Price：</span></p><p><span style='font-size: 14px; font-family: 宋体, SimSun;'>260（边座）/340（主座）RMB</span></p><p><span style='font-size: 14px; font-family: 宋体, SimSun;'>&nbsp;</span></p><p><span style='font-size: 14px; font-family: 宋体, SimSun;'><strong>日期/Date：2019年6月7日（周五）</strong></span></p><p><span style='font-size: 14px; font-family: 宋体, SimSun;'><strong>第二场2nd</strong></span></p><p><span style='font-size: 14px; font-family: 宋体, SimSun;'>入场时间/Door Time：9:30PM</span></p><p><span style='font-size: 14px; font-family: 宋体, SimSun;'>演出时间/Show Time：10:00PM</span></p><p><span style='font-size: 14px; font-family: 宋体, SimSun;'>地址/Add：前门东大街23号 Blue Note Beijing</span></p><p><span style='font-size: 14px; font-family: 宋体, SimSun;'>23 Qianmen East Street. Dongcheng District. Beijing</span></p><p><span style='font-size: 14px; font-family: 宋体, SimSun;'>电话Tel：170-0000-0288</span></p><p><span style='font-size: 14px; font-family: 宋体, SimSun;'>&nbsp;</span></p><p><span style='font-size: 14px; font-family: 宋体, SimSun;'>B2剧场票价Ticket Price：</span></p><p><span style='font-size: 14px; font-family: 宋体, SimSun;'>240（边座）/320（主座）RMB</span></p><p><span style='font-size: 14px; font-family: 宋体, SimSun;'><strong>&nbsp;<br></strong></span></p><p><span style='font-size: 14px; font-family: 宋体, SimSun;'><strong>Mercedes-Benz JAZZ MASTER SERIES </strong></span></p><p><span style='font-size: 14px; font-family: 宋体, SimSun;'><strong>梅赛德斯-奔驰特别呈现爵士大师堂系列</strong></span></p><p><span style='font-size: 14px; font-family: 宋体, SimSun;'>&nbsp;</span></p><p><span style='font-size: 14px; font-family: 宋体, SimSun;'><strong>乐队成员</strong></span></p><p><span style='font-size: 14px; font-family: 宋体, SimSun;'>Dan Tepfer&nbsp;- piano</span></p><p><span style='font-size: 14px; font-family: 宋体, SimSun;'>Jorge Roeder-&nbsp;bass</span></p><p><span style='font-size: 14px; font-family: 宋体, SimSun;'>Nate Wood&nbsp;- drums</span></p><p><br></p><p><img src='https://s2.showstart.com/img/2019/20190507/af2230269bb8410b9c42c19acc82ffbb_552_368_21928.0x0.jpg?imageMogr2/thumbnail/640x/gravity/Center/crop/640x' title='/img/2019/20190507/af2230269bb8410b9c42c19acc82ffbb_552_368_21928.0x0.jpg' alt=''></p><p><span style='font-size: 14px; font-family: 宋体, SimSun;'><strong>DAN TEPFER</strong></span></p><p><span style='font-size: 14px; font-family: 宋体, SimSun;'>&nbsp;</span></p><p><span style='font-size: 14px; font-family: 宋体, SimSun;'>Dan Tepfer以钢琴家和作曲家的身份而闻名。他是一位野心勃勃、个性鲜明、创作经历丰富的音乐家。用《华盛顿邮报》的话说，他是'一位非凡的音乐家'，法国《Télérama》称他为一位'拒绝给自己设限的人'。1982年出生在巴黎的Tepfer，父母都是美国人，他曾与爵士乐界的一些领军人物合作过，包括与经验丰富的萨克斯大师Lee Konitz合作。</span></p><p><span style='font-size: 14px; font-family: 宋体, SimSun;'>&nbsp;</span></p><p><span style='font-size: 14px; font-family: 宋体, SimSun;'>作为一名乐队的领队，Tepfer精心打造着以广度和深度著称的音乐专辑。从探索个人即兴创作的专辑及亲密的二重奏专辑，到层次丰富的原创作品带来的三重奏专辑。他的Sunnyside /Naïve专辑《Goldberg Variations / Variations》你能看到这位获奖钢琴家演奏的J.S. 巴赫的杰作以及即兴创作，被称为：'跨越几个世纪和流派建立一座桥梁'（《华尔街日报》）和'令人印象深刻的壮举，不断回归到热情和持久的尊重'（《纽约时报》）。</span></p><p><span style='font-size: 14px; font-family: 宋体, SimSun;'>&nbsp;</span></p><p><span style='font-size: 14px; font-family: 宋体, SimSun;'>作为一名作曲家，Tepfer获得了美国艺术与文学学院Charles Ives奖学金，他的获奖作品包括在布拉格城堡首演的钢琴协奏曲Concerto for Piano and Winds，以及在卡内基音乐厅首演的小提琴与钢琴独奏蓝调。他开创性的多媒体项目《Natural Machines》把在天体物理学的本科学习和对音乐的热爱结合在一起，将计算机驱动的算法融入他的即兴创作过程。他个人荣获的其他奖项还包括：蒙特勒爵士音乐节钢琴独奏比赛一等奖和观众选择奖，东海岸爵士音乐节比赛一等奖，以及美国钢琴家协会Cole Porter奖学金。</span></p><p><span style='font-size: 14px; font-family: 宋体, SimSun;'>&nbsp;</span></p><p><span style='font-size: 14px; font-family: 宋体, SimSun;'>Dan Tepfer has made a name for himself as a pianist-composer of wide-ranging ambition, individuality and drive — 'a remarkable musician' in the words of the Washington Post and one 'who refuses to set himself limits' in those of France’s Télérama. The New York City-based Tepfer, born in 1982 in Paris to American parents, has performed with some of the leading lights in jazz, including extensively with veteran saxophone luminary Lee Konitz.</span></p><p><span style='font-size: 14px; font-family: 宋体, SimSun;'>&nbsp;</span></p><p><span style='font-size: 14px; font-family: 宋体, SimSun;'>As a leader, Tepfer has crafted a discography already striking for its breadth and depth, ranging from probing solo improvisation and intimate duets to richly layered trio albums of original compositions. His Sunnyside/Naïve album Goldberg Variations / Variations saw the prize-winning pianist performing J.S. Bach’s masterpiece as well as improvising upon it to 'build a bridge across centuries and genres' (Wall Street Journal) in 'an impressive feat that keeps coming back to a hearty and abiding respect' (New York Times).</span></p><p><span style='font-size: 14px; font-family: 宋体, SimSun;'>&nbsp;</span></p><p><span style='font-size: 14px; font-family: 宋体, SimSun;'>As a composer, he is a recipient of the Charles Ives Fellowship from the American Academy of Arts and Letters for works including Concerto for Piano and Winds, premiered in the Prague Castle with himself on piano, and Solo Blues for Violin and Piano, premiered at Carnegie Hall. Bringing together his undergraduate studies in astrophysics with his passion for music, his groundbreaking multimedia project Natural Machines integrates computer-driven algorithms into his improvisational process. Awards include first prize and audience prize at the Montreux Jazz Festival Solo Piano Competition, first prize at the East Coast Jazz Festival Competition, and the Cole Porter Fellowship from the American Pianists Association.</span></p><p><span style='font-size: 14px; font-family: 宋体, SimSun;'>&nbsp;</span></p><p><span style='font-size: 14px; font-family: 宋体, SimSun;'><strong>注：换票时间始于入场时间前半小时，请各位观众安排好时间换票。</strong></span></p><p><br></p>"),
    (NULL," 独家 Crystal Lake HELIX China Headline Tour 2019 in Beijing ONE THIRD X SMILEY派对 DAN TEPFER TRIO 独家 【狸猫音乐】学生专场VOL.2 ","images/shows/880be16a58074131b20c0b4851fd0ad5_600_800_165102.0x0.jpg","<p><strong><span style='font-size: 14px; font-family: 宋体, SimSun;'>参演艺人：Crystal Lake</span></strong></p><p><strong><span style='font-size: 14px; font-family: 宋体, SimSun;'>演出场地：MAO Livehouse北京</span></strong></p><p><br></p><p><br></p><p><span style='font-size: 14px; font-family: 宋体, SimSun;'>Crystal Lake是一支来自东京的日本金属核乐队，成立于2002年。乐队目前正式成员由主唱Ryo Kinoshita，主音吉他手Yudai Miyamoto和节奏吉他手Shinya Hori组成。而支持成员则是鼓手Gaku Taura和贝司手Bitoku Sakamoto。<br></span></p><p><span style='font-size: 14px; font-family: 宋体, SimSun;'><br></span></p><p><span style='font-size: 14px; font-family: 宋体, SimSun;'><img src='https://s2.showstart.com/img/2019/20190416/f7671f450a184a7f92b457e4042b5f3e_640_421_42443.0x0.jpg?imageMogr2/thumbnail/640x/gravity/Center/crop/640x' title='/img/2019/20190416/f7671f450a184a7f92b457e4042b5f3e_640_421_42443.0x0.jpg' alt=''></span></p><p><span style='font-size: 14px; font-family: 宋体, SimSun;'><br></span></p><p><span style='font-size: 14px; font-family: 宋体, SimSun;'>发展迅速的金属核乐队</span></p><p><span style='font-size: 14px; font-family: 宋体, SimSun;'>Crystal Lake在组成后的发展可说是十分迅速，2002年组成后一年内已发行首张单曲《Free Will》及完成两次巡演，其中包括去到韩国演出，2005年更到马来西亚进行了巡回演出。2006年推岀第一张专辑《Dimension》以及在进行日本巡演后，广受日本热爱乐团的年轻一代欢迎。除了活跃在日本不同地区进行现场演出，2007年他们更在以重型金属音乐为主题的「Metal Presentation 07」及「Rockstar Taste of Chaos 2007」东京场与来自澳洲的I Killed The Prom Queen、来自台湾的Chtonic、来自美国的The Used、Rise Against等不同国家的乐队同场演出。而次年的「Rockstar Taste of Chaos 2008」他们亦与不同的外国乐队同场演出，更包括来自美国的As I Lay Dying及Story Of The Year。2010年11月推出第二张乐队专辑《Into The Great Beyond》后约半年，当时的主音向外界宣布退出乐队。</span></p><p><span style='font-size: 14px; font-family: 宋体, SimSun;'><br></span></p><p><img src='https://s2.showstart.com/img/2019/20190416/ee5e4ef89fbd43a5adbb842863df8df0_640_427_87042.0x0.jpg?imageMogr2/thumbnail/640x/gravity/Center/crop/640x' title='/img/2019/20190416/ee5e4ef89fbd43a5adbb842863df8df0_640_427_87042.0x0.jpg' alt=''></p><p><span style='font-size: 14px; font-family: 宋体, SimSun;'><br></span></p><p><span style='font-size: 14px; font-family: 宋体, SimSun;'>从新岀发的卓越成绩</span></p><p><span style='font-size: 14px; font-family: 宋体, SimSun;'>2012年7月，新主唱Ryo宣布加入。经过两个月的磨合，9月发售的第一张单曲《The Fire Inside / Overcome》成为乐队史上最高品质的作品。这首歌在各方面引起了话题。到了2013年，以演唱会活动为焦点，与不同类型的艺人共享舞台，扩大了活动的范围。2014年3月出演了Redline Beginning Tour 2014、4月Monster Energy Outburn Tour 2014。同年8月「Cubes」EP在全国流通发表。基于「Cubes」爆炸性的冲击力，瞬间提高了乐队在本国的知名度。11月出演Knotfest Japan 2014，在2万人的观众面前展现了他们超凡绝伦的现场表现力和影响力。2014年12月，乐队发行分支专辑「Redline Riot!!!」并毅然实行全国巡演，所有门票在日本各地一经推出便瞬间售罄。</span></p><p><span style='font-size: 14px; font-family: 宋体, SimSun;'>2015年9月7日，Crystal Lake宣布他们已经和美国的Artery Recordings以及英国和欧洲的JPU Records签约，并将发布他们的全新专辑《The Sign》。2016年，Crystal Lake发行了又一张新专辑《True North》。随后又在2017年发布了单曲'&nbsp;Apollo'。</span></p><p><span style='font-size: 14px; font-family: 宋体, SimSun;'><br></span></p><p><span style='font-size: 14px; font-family: 宋体, SimSun;'><img src='https://s2.showstart.com/img/2019/20190416/12158c91e8dd417489b30c9eca8d0635_640_427_107382.0x0.jpg?imageMogr2/thumbnail/640x/gravity/Center/crop/640x' title='/img/2019/20190416/12158c91e8dd417489b30c9eca8d0635_640_427_107382.0x0.jpg' alt=''></span></p><p><span style='font-size: 14px; font-family: 宋体, SimSun;'><br></span></p><p><span style='font-size: 14px; font-family: 宋体, SimSun;'>签约SharpTone Records和Helix<br></span></p><p><span style='font-size: 14px; font-family: 宋体, SimSun;'>随后，伴随着'AEON'的歌曲视频。Crystal Lake又与SharpTone Records于2018年11月28日宣布签约。同一天，乐队在日本独家发行了他们的新专辑《Helix》。2019年1月，Crystal Lake在日本举办了'Helix ONEMAN Japan Tour'。并在随后的2月前往美国，与当红金属核班霸August Burns Red、Miss May I和Fit For A King开启了在北美的开拓之旅。3月，乐队又作为嘉宾前往俄罗斯，与Adept&nbsp;一同开启了Russian Tour。</span></p><p><span style='font-size: 14px; font-family: 宋体, SimSun;'><br></span></p><p><span style='font-size: 14px; font-family: 宋体, SimSun;'><img src='https://s2.showstart.com/img/2019/20190416/e22e9ffb9e014db4bf91be14cc1679ff_640_427_71529.0x0.jpg?imageMogr2/thumbnail/640x/gravity/Center/crop/640x' title='/img/2019/20190416/e22e9ffb9e014db4bf91be14cc1679ff_640_427_71529.0x0.jpg' alt=''></span></p><p><span style='font-size: 14px; font-family: 宋体, SimSun;'><br></span></p><p><span style='font-size: 14px; font-family: 宋体, SimSun;'>而如今在6月！乐队将带着新专辑《Helix》重返中国！为翘首以盼的乐迷带来专属于中国的ONEMAN China Tour！请各位做好准备！用最真挚的感情和乐队在现场相见！在现场，通过Mosh-Pit、Circle-Pit和乐队进行互动！See U In The Pit！！！</span></p><p><span style='font-size: 14px; font-family: 宋体, SimSun;'><br></span></p><p><span style='font-size: 14px; font-family: 宋体, SimSun;'><br></span></p><p><span style='font-size: 14px; font-family: 宋体, SimSun;'><br></span></p><p><span style='font-size: 14px; font-family: 宋体, SimSun;'><br></span></p><p><span style='font-size: 14px; font-family: 宋体, SimSun;'></span></p><p style='margin-top:0;margin-right:0;margin-bottom:0;margin-left:0;text-indent:0;padding:0 0 0 0 ;text-autospace:ideograph-numeric;text-align:justify;text-justify:inter-ideograph;line-height:150%'><span style='line-height: 150%; letter-spacing: 0px; font-size: 14px; font-family: 宋体, SimSun;'></span></p><p style='margin-top:0;margin-right:0;margin-bottom:0;margin-left:0;text-indent:0;padding:0 0 0 0 ;text-autospace:ideograph-numeric;text-align:justify;text-justify:inter-ideograph;line-height:150%'><strong><span style='font-family: 宋体;line-height: 150%;letter-spacing: 0;font-size: 14px'><span style='font-family:宋体'>购票须知</span></span></strong></p><p style='margin-top:0;margin-right:0;margin-bottom:0;margin-left:0;text-indent:0;padding:0 0 0 0 ;text-autospace:ideograph-numeric;text-align:justify;text-justify:inter-ideograph;line-height:150%'><strong><span style='font-family: 宋体;line-height: 150%;letter-spacing: 0;font-size: 14px'>1.本场演出不支持退换票，如无法正常观看，还请自行处理，给您带来不便敬请谅解；</span></strong></p><p style='margin-top:0;margin-right:0;margin-bottom:0;margin-left:0;text-indent:0;padding:0 0 0 0 ;text-autospace:ideograph-numeric;text-align:justify;text-justify:inter-ideograph;line-height:150%'><strong><span style='font-family: 宋体;line-height: 150%;letter-spacing: 0;font-size: 14px'>2.本场演出凭电子票二维码核验入场，无实体票，</span></strong><strong><span style='font-family: 宋体;line-height: 150%;letter-spacing: 0;font-size: 14px'><span style='font-family:宋体'>场地内不设座位，均为站席观演；</span></span></strong></p><p style='margin-top:0;margin-right:0;margin-bottom:0;margin-left:0;text-indent:0;padding:0 0 0 0 ;text-autospace:ideograph-numeric;text-align:justify;text-justify:inter-ideograph;line-height:150%'><strong><span style='font-family: 宋体;line-height: 150%;letter-spacing: 0;font-size: 14px'>3.秀动网严禁发布任何形式的转票、求票及个人联系信息，秀动网有权取消违规者订单、留言（情节严重的将进行禁言直至账户冻结处罚）。</span></strong></p><p style='margin-top:0;margin-right:0;margin-bottom:0;margin-left:0;text-indent:0;padding:0 0 0 0 ;text-autospace:ideograph-numeric;text-align:justify;text-justify:inter-ideograph;line-height:150%'><span style='line-height: 150%; letter-spacing: 0px; font-size: 14px; font-family: 宋体, SimSun;'></span><br></p><p><span style='font-size: 14px; font-family: 宋体, SimSun;'><br><br></span></p>"),
    (NULL," 独家 《流行音乐百佳专辑》北京首发式 ONE THIRD X SMILEY派对 DAN TEPFER TRIO 独家 【狸猫音乐】学生专场VOL.2 ","images/shows/7312ad04558b41319ede7315cfe9b63f_600_800_152244.0x0.jpg","<p><span style='font-size: 14px; font-family: 宋体, SimSun;'><strong>演出艺人：李广平,郑魁训</strong></span></p><p><span style='font-size: 14px; font-family: 宋体, SimSun;'><strong>演出场地：北京&nbsp;福声唱片</strong></span></p><p><span style='font-size: 14px; font-family: 宋体, SimSun;'><strong>本活动为公益免票，请到场听众每人捐助至少一本闲置书籍，人文艺术类为佳。大家一起来丰富我们的公共阅读欣赏空间，共同受益！</strong></span></p><p><span style='font-size: 14px; font-family: 宋体, SimSun;'><strong><br></strong></span></p><p><span style='font-size: 14px; font-family: 宋体, SimSun;'><strong>&nbsp;</strong> &nbsp;</span></p><p><span style='font-size: 14px; font-family: 宋体, SimSun;'>&nbsp;&nbsp; &nbsp; &nbsp; &nbsp; &nbsp;</span></p><p><span style='font-size: 14px; font-family: 宋体, SimSun;'><strong>▶关于本书...</strong></span><br></p><p><span style='font-size: 14px; font-family: 宋体, SimSun;'><strong><br></strong></span></p><p><span style='font-size: 14px; font-family: 宋体, SimSun;'><em><strong><br></strong></em></span></p><p><img title='/img/2019/20190602/0a322e329b65455a9e57d5f908f818c0_1806_800_611006.0x0.jpg' alt='' src='https://s2.showstart.com/img/2019/20190602/0a322e329b65455a9e57d5f908f818c0_1806_800_611006.0x0.jpg?imageMogr2/thumbnail/640x/gravity/Center/crop/640x'></p><p><br></p><p><span style='font-size: 14px; font-family: 宋体, SimSun;'>由郑魁训先生等人耗时四年编著完成的《大陆流行音乐百佳专辑》终于出版。本书由湖南美术出版社出版，台湾著名歌手齐秦、大陆资深音乐人颂今友情题词，知名乐评人李皖欣然作序。书籍内容包括百佳专辑、遗珠篇、百首金曲、编年史四部分，全书全彩印刷，224页，内芯采用128克哑粉纸，封面采用250克铜板纸，锁线胶装，单本吸塑。《大陆流行音乐出版总目录》也同时面世，收入了一万余张专辑，堪称史上最为完整的出版目录，极具文献和史料价值。</span></p><p><span style='font-size: 14px; font-family: 宋体, SimSun;'><br></span></p><p><img title='/img/2019/20190602/7c2acd8eab134d5aa27e8f3e880cb836_1443_1080_168485.0x0.jpg' style='' src='https://s2.showstart.com/img/2019/20190602/7c2acd8eab134d5aa27e8f3e880cb836_1443_1080_168485.0x0.jpg?imageMogr2/thumbnail/640x/gravity/Center/crop/640x'></p><p><img title='/img/2019/20190602/1759fb986092436da8849fc7ef14e3e9_1443_1080_62222.0x0.jpg' style='' src='https://s2.showstart.com/img/2019/20190602/1759fb986092436da8849fc7ef14e3e9_1443_1080_62222.0x0.jpg?imageMogr2/thumbnail/640x/gravity/Center/crop/640x'></p><p><br></p><p><span style='font-family: 宋体, SimSun;'><span style='font-size: 14px;'><strong>▶关于首发式...</strong></span><span style='font-size: 14px;'></span></span><span style='font-size: 14px; font-family: 宋体, SimSun;'><br></span></p><p><span style='font-size: 14px; font-family: 宋体, SimSun;'>在6月8日的下午两点，大陆百佳、台湾300佳分享会曁《大陆流行音乐百佳专辑》北京首发式将在福声唱片举行。届时，台湾流行音乐唱片收藏第一人、大陆流行音乐CD收藏第一人将同时现身，带来数十张罕见的古董级CD唱片，和大家一起分享。在聆听音乐、欣赏书籍以及共话唱片故事的同时，我们还会进行抽奖活动，奖品包括签名版《大陆流行音乐百佳专辑》，以及两盘珍贵的磁带收藏。</span></p><p><span style='font-size: 14px; font-family: 宋体, SimSun;'><br></span></p><p><img title='/img/2019/20190602/9ac2b8ee824b46b6bb35aa56fa17c746_4032_3016_3320314.0x0.jpg' alt='' src='https://s2.showstart.com/img/2019/20190602/9ac2b8ee824b46b6bb35aa56fa17c746_4032_3016_3320314.0x0.jpg?imageMogr2/thumbnail/640x/gravity/Center/crop/640x'></p><p><br></p><p><span style='font-size: 14px; font-family: 宋体, SimSun;'><strong>▶关于嘉宾...</strong></span></p><p><span style='font-size: 14px; font-family: 宋体, SimSun;'><strong><br></strong></span></p><p><span style='font-size: 14px; font-family: 宋体, SimSun;'><em><strong><img title='/img/2019/20190602/bac9ff39898c43bb97f2ea38287bb062_428_640_173439.0x0.jpg' alt='' src='https://s2.showstart.com/img/2019/20190602/bac9ff39898c43bb97f2ea38287bb062_428_640_173439.0x0.jpg?imageMogr2/thumbnail/640x/gravity/Center/crop/640x'></strong></em></span></p><p><br></p><p><span style='font-size: 14px; font-family: 宋体, SimSun;'>李广平，&nbsp;音乐制作人、词作家、音乐文化和音乐活动的企划、评论、推广专家；中国音乐文学学会常务副秘书长；中国音协流行音乐学会副秘书长；曾获得'1996年中国流行歌坛杰出音乐人成就奖'、'第五届华语音乐传媒大奖——华语乐坛特别贡献奖'、'广东流行音乐30年音乐人杰出贡献奖'等专业奖项；曾多次担任中国中央电视台、多个省级卫视特约评审。</span></p><p><span style='font-size: 14px; font-family: 宋体, SimSun;'>歌曲代表作：《你在他乡还好吗》《潮湿的心》《相信远方》《101个祝福》《用爱祈祷》《爱是奇迹》《乡愁大理》等等，创作歌曲一千余首。</span></p><p><br></p><p><span style='font-size: 14px; font-family: 宋体, SimSun;'><strong>▶关于作者...</strong></span></p><p><span style='font-size: 14px; font-family: 宋体, SimSun;'>郑魁训，本书编著者。1968年出生于河北。1991年毕业于华北理工大学，大学期间曾参加'蓝星岛诗社'，并组建'七色星光园'，多次在校组织的征文比赛中获奖。<br></span></p><p><br></p><p><img title='/img/2019/20190602/7fdcd845a001447eb49dc83ed67895c6_1417_787_521013.0x0.jpg' alt='' src='https://s2.showstart.com/img/2019/20190602/7fdcd845a001447eb49dc83ed67895c6_1417_787_521013.0x0.jpg?imageMogr2/thumbnail/640x/gravity/Center/crop/640x'></p>"),
    (NULL," 2019蓝调一派音乐节 ONE THIRD X SMILEY派对 DAN TEPFER TRIO 独家 【狸猫音乐】学生专场VOL.2 ","images/shows/6c2f793a0e62431d98fcfb33054be008_600_800_196302.0x0.jpg","<p><span style='font-size: 14px; font-family: 宋体, SimSun;'><strong>演出艺人：弥藏乐队，Mojohand，rolling bowling旋转保龄，OGMC，Los Crasher （不速之客），Double Beat</strong></span></p><p><span style='font-size: 14px; font-family: 宋体, SimSun;'><strong>演出场地：北京 来福LiveHouse</strong></span></p><p><span style='font-size: 14px; font-family: 宋体, SimSun;'><strong><br></strong></span></p><p><span style='font-size: 14px; font-family: 宋体, SimSun;'><strong><br></strong></span></p><p><span style='font-size: 14px; font-family: 宋体, SimSun;'><strong><br></strong></span></p><p><span style='font-size: 14px; font-family: 宋体, SimSun;'><strong>以BLUES的名义∣2019北京蓝调一派音乐节开启</strong></span></p><p><span style='font-size: 14px; font-family: 宋体, SimSun;'><strong><br></strong></span></p><p><img src='https://s2.showstart.com/img/2019/20190516/06228cfdc77e452f9d14699ef2054d92_1503_2200_2591893.0x0.jpg?imageMogr2/thumbnail/640x/gravity/Center/crop/640x' title='/img/2019/20190516/06228cfdc77e452f9d14699ef2054d92_1503_2200_2591893.0x0.jpg' alt=''></p><p><br></p><p><span style='font-size: 14px; font-family: 宋体, SimSun;'>一百年来，蓝调音乐已经传遍了全球。无论你是资深蓝迷或是小白一枚；无论你闻或未闻，Blues每天都在世界各地上演着它的新老故事，它的魅力如同百年陈酿深远醇厚，力道十足……</span></p><p><span style='font-size: 14px; font-family: 宋体, SimSun;'>1996年底，北京诞生了中国第一支蓝调乐队'节奏之犬'，在其后的 20年里生根发芽，由蓝调的灵魂孕育出更多以Blues为根基的乐队。正如每一个时代的弄潮儿一样，关于他们的传奇话题总是不绝于耳。他们各领风骚三五年，其后又有新人接踵而至，如此循环往复就像一台永动机生生不息，向国内的Blues源源不断地输送着新鲜血液。在每一个周末，在每一个舞台上当蓝调之声滚滚而来，激情夹杂着忧郁，不由自主地抖腿扭胯；啤酒混合着烟草，灵魂深处的黑白色彩交融，一切都将伴随Blues的召唤。</span></p><p><span style='font-size: 14px; font-family: 宋体, SimSun;'>2019，我们决定以BLUES的名义搞一场属于国内蓝调乐迷的聚会，这也将成为｢蓝调一派音乐节｣的元年，让我们拭目以待！</span></p><p><br></p><p><img src='https://s2.showstart.com/img/2019/20190514/057bdce492074f2ab5f65d545c37e439_1270_635_67850.0x0.jpg?imageMogr2/thumbnail/640x/gravity/Center/crop/640x' title='/img/2019/20190514/057bdce492074f2ab5f65d545c37e439_1270_635_67850.0x0.jpg' alt=''></p><p><iframe class='previewVideo' src='http://player.youku.com/embed/XNDE4ODY0Mzg4OA==' width='420' height='280' frameborder='0' allowfullscreen=''></iframe></p><p><br></p><p><span style='font-size: 14px; font-family: 宋体, SimSun;'>本场音乐节将以｢蓝调一派音乐｣的视角及审美呈现，这不仅仅是一场简单的演出，更是一次蓝调文化和视觉感观的体验，这次我们精选了六组风格迥异的国内蓝调艺人：（排名不分先后）</span></p><p><br></p><p><img src='https://s2.showstart.com/img/2019/20190514/952b7e986d764943af7bf3147ddbd385_1270_846_133178.0x0.jpg?imageMogr2/thumbnail/640x/gravity/Center/crop/640x' title='/img/2019/20190514/952b7e986d764943af7bf3147ddbd385_1270_846_133178.0x0.jpg' alt=''></p><p><br></p><p><span style='font-size: 14px; font-family: 宋体, SimSun;'><strong>旋转保龄Rolling Bowling</strong></span></p><p><span style='font-size: 14px; font-family: 宋体, SimSun;'>旋转保龄是中国首席Rockabilly乐队，以50年代的经典猫王造型，低音提琴（Double Bass）与吉他、鼓的经典演绎，以及从不缺乏激情与身体摇摆的现场著称，多次被外刊评为'最佳现场乐队'、'最佳派对乐队'。旋转保龄在传统的Rockabilly、Psychobilly音乐的基础上加以改良，融入更多元素，并且坚持用中文演唱，逐渐形成了独具风格的'中式Rockabilly音乐'。</span></p><p><span style='font-size: 14px; font-family: 宋体, SimSun;'>2015年欧洲巡演之后，他们将再次把深深打上中国烙印的音乐带出国门，成为又一支真正具有国际影响力的中国乐队！</span></p><p><br></p><p><span style='font-size: 14px; font-family: 宋体, SimSun;'>主唱： 吴狄 / 吉他：赵强 / 鼓：白熙东</span></p><p><br></p><p><br></p><p><img src='https://s2.showstart.com/img/2019/20190514/e4bbc31d038c4ba587185dbbc25e2034_1268_842_131602.0x0.jpg?imageMogr2/thumbnail/640x/gravity/Center/crop/640x' title='/img/2019/20190514/e4bbc31d038c4ba587185dbbc25e2034_1268_842_131602.0x0.jpg' alt=''></p><p><br></p><p><span style='font-size: 14px; font-family: 宋体, SimSun;'><strong>弥藏mizang</strong></span></p><p><span style='font-size: 14px; font-family: 宋体, SimSun;'>弥藏成立于2001年，可以说是国内首支中文布鲁斯摇滚乐队。2008年，推出乐队第一张真正意义上的EP作品集《Goodbye 1968》，他们歌唱现实的苦闷和理想主义的灿烂。多年来乐队一直坚持中文创作，2014年，乐队凭借第二张专辑《和时光赛跑》获得华语音乐传媒两项大奖提名的“年度最佳蓝调艺人'。2017年底，再次推出里程碑式的全新专辑《上帝不爱布鲁斯》。激进的鼓点叠加着多变的律动，呐喊的歌喉交织着狂风暴雨般的吉他，让整张专辑的听感充满蓝调与摇滚力量。专辑中首次与美国蓝调音乐家Billy Branch和Sumito Ariyo Ariyoshi的合作，标志着乐队16年来发出的最强音。</span></p><p><br></p><p><span style='font-size: 14px; font-family: 宋体, SimSun;'>主唱&amp;吉他：韩宇/主音吉他： 魏威/贝斯：陈晓星/鼓： 关菲</span></p><p><br></p><p><br></p><p><img src='https://s2.showstart.com/img/2019/20190514/2563429fab164155ab54847303ecd09d_638_425_50710.0x0.jpg?imageMogr2/thumbnail/640x/gravity/Center/crop/640x' title='/img/2019/20190514/2563429fab164155ab54847303ecd09d_638_425_50710.0x0.jpg' alt=''></p><p><br></p><p><span style='font-size: 14px; font-family: 宋体, SimSun;'><strong>Double Beat</strong></span></p><p><span style='font-size: 14px; font-family: 宋体, SimSun;'>Double Beat（双节拍）是独具一格的女生主唱布鲁斯乐队，音乐风格以芝加哥都市布鲁斯为核心，融合了孟菲斯、新奥尔良、得克萨斯、路易斯安那等流派风格。乐队在不遗余力地推广传统布鲁斯音乐的同时，结合了当代新都市青年的态度与思考，积累和创作了属于自己语言的原创作品，致力于用布鲁斯音乐来体现永不褪色的都市感。</span></p><p><span style='font-size: 14px; font-family: 宋体, SimSun;'>乐队以北京为据点，成员有着各不相同的职业背景，却因对布鲁斯音乐的深度研习而走到一起。无论在创作及舞台表现上，Double Beat都力求精准并快速成长为国内蓝调界的新兴力量。</span></p><p><br></p><p><span style='font-size: 14px; font-family: 宋体, SimSun;'>主唱：孟蒙/吉他：虎子/吉他：赵琨/贝斯：李恩训/鼓：马晓飞</span></p><p><br></p><p><br></p><p><img src='https://s2.showstart.com/img/2019/20190514/da5f0114f7e64f12bcb63ebfdc0d3e12_577_388_56336.0x0.jpg?imageMogr2/thumbnail/640x/gravity/Center/crop/640x' title='/img/2019/20190514/da5f0114f7e64f12bcb63ebfdc0d3e12_577_388_56336.0x0.jpg' alt=''></p><p><br></p><p><span style='font-size: 14px; font-family: 宋体, SimSun;'><strong>Los Crasher不速之客</strong></span></p><p><span style='font-size: 14px; font-family: 宋体, SimSun;'>2010年5月成立于北京，乐队秉承Old School（老派）根源摇滚的精髓，从最初的Blues（蓝调）根基硬摇滚，到融入老式Punk元素和态度，加上受60-80年代那些伟大的Glam Rock(华丽摇滚)，Classic Rock（经典摇滚）的启发和影响，乐队逐渐找到属于自己的风格。</span></p><p><br></p><p><span style='font-size: 14px; font-family: 宋体, SimSun;'>主唱：孙晓彤/吉他：何云飞/吉他：蔡宁/贝斯: 周亚威/鼓：刘珑</span></p><p><br></p><p><span style='font-size: 14px; font-family: 宋体, SimSun;'>&nbsp;</span></p><p><img src='https://s2.showstart.com/img/2019/20190514/be8ca9172cbf488d95119b1772cd31ed_1626_1080_150259.0x0.jpg?imageMogr2/thumbnail/640x/gravity/Center/crop/640x' title='/img/2019/20190514/be8ca9172cbf488d95119b1772cd31ed_1626_1080_150259.0x0.jpg' alt=''></p><p><br></p><p><span style='font-size: 14px; font-family: 宋体, SimSun;'><strong>MOJOHAND</strong></span></p><p><span style='font-size: 14px; font-family: 宋体, SimSun;'>MOJOHAND由贝斯手王铮和吉他手魏威组建于2014年的北京，是目前中国演奏Blues音乐的先锋乐队代表。成军四年以来，MOJOHAND与许多国内外著名Blues音乐人有过密切合作，其中有：中国蓝调摇滚传奇歌手-杭天；美国格莱美大奖三次提名的获得者-著名Blues口琴演奏家和蓝调音乐家Billy Branch；亚洲最杰出的Blues吉他演奏家-菊田俊介(Shun Kikuta)；一直活跃在芝加哥的日裔老牌蓝调钢琴演奏家-有吉须美人(Ariyo)。另外，MOJOHAND也不同程度的和美国格莱美获奖者-Blues音乐家Suger Blue和Matthew Skoller、以及日本Blues口琴演奏家-Kotez和日本Blues钢琴演奏家-Lee等等都有过短暂而亲密的合作……从2014年以来，由MOJOHAND领衔的'周日蓝调芥末大会'让北京的'江湖酒吧'俨然成为京城乃至全国蓝调爱好者心目中的Blues圣地。</span></p><p><br></p><p><span style='font-size: 14px; font-family: 宋体, SimSun;'>主唱：程晨/吉他：魏威&nbsp;/贝斯：王铮/口琴：张晓松/键盘：杨策/鼓：吴志军</span></p><p><span style='font-size: 14px; font-family: 宋体, SimSun;'>&nbsp;</span></p><p><br></p><p><img src='https://s2.showstart.com/img/2019/20190514/72a727037aba4a2e951254fdf0b1fa00_1644_1080_176675.0x0.jpg?imageMogr2/thumbnail/640x/gravity/Center/crop/640x' title='/img/2019/20190514/72a727037aba4a2e951254fdf0b1fa00_1644_1080_176675.0x0.jpg' alt=''></p><p><br></p><p><span style='font-size: 14px; font-family: 宋体, SimSun;'><strong>OGMC 前哨</strong></span></p><p><span style='font-size: 14px; font-family: 宋体, SimSun;'>O.G.M.C（Outposts Gangster Motorcycle Club）乐队成立于2012年，是国内第一支乡村摇滚乐队。由几名喜欢新派乡村音乐的乐手组成，曲风融合流行、乡村和摇滚多种音乐元素，并把硬摇滚和乡村音乐巧妙的融贯在一起。乐队第一张专辑《Those with loaded guns》用纯正的美式乡村摇滚演绎了机车音乐，6首作品其中两首改编于国外成型作品。整张专辑可以令你时而疾驰在空旷的洲际公路上，时而又会把你拉进宁静的湖边小筑，可以让你走在满是枪声和马蹄声老旧的西部小镇，可以让你感受酒吧里喝的昏昏欲睡的牛仔们的悠闲。乐队成员的音乐素养都非常优秀，出色的编曲独树一帜，日后势必成为中国摇滚乐的中坚力量。</span></p><p><br></p><p><span style='font-size: 14px; font-family: 宋体, SimSun;'>主唱：庄雨/主音吉他：张鑫/节奏吉他：薛旻野/贝斯：艾春辉/鼓：王柳晨/班卓琴：王磊/小提琴：刘京</span></p><p><br></p><p><span style='font-size: 14px; font-family: 宋体, SimSun;'>&nbsp;</span></p><p><img src='https://s2.showstart.com/img/2019/20190515/0ae4fe8fbd434fe59d1881a26dfa7ab0_1900_517_34124.0x0.jpg?imageMogr2/thumbnail/640x/gravity/Center/crop/640x' title='/img/2019/20190515/0ae4fe8fbd434fe59d1881a26dfa7ab0_1900_517_34124.0x0.jpg' alt=''></p><p><br></p><p><br></p><p><br></p><p><strong><span style='font-size: 14px; font-family: 宋体, SimSun;'>购票须知</span></strong></p><p><strong><span style='font-size: 14px; font-family: 宋体, SimSun;'>1.本场演出不支持退换票，如无法正常观看，还请自行处理，给您带来不便敬请谅解；</span></strong></p><p><strong><span style='font-size: 14px; font-family: 宋体, SimSun;'>2.本场演出凭电子票二维码核验入场，无实体票，场地内不设座位，均为站席观演；</span></strong></p><p><strong><span style='font-size: 14px; font-family: 宋体, SimSun;'>3.请勿发布任何形式的转票信息。</span></strong></p><p><strong><span style='font-size: 14px; font-family: 宋体, SimSun;'><br></span></strong></p><p><strong><span style='font-size: 14px; font-family: 宋体, SimSun;'></span></strong></p><p><span style='font-size: 16px;'><strong>观演须知</strong></span></p><p><strong>入场时间</strong></p><p>演出前约90分钟</p><p><strong>禁止携带物品</strong></p><p>严禁外带各种饮料酒精饮品、音乐节现场销售的各类酒饮统一换装为纸杯、食品以及各类材质马扎椅子、自拍杆、旗杆、旗帜、应援灯牌、枪械、刀械、棍棒、易燃易爆等危险物品进入音乐节会场。请您注意现场工作人员和广播的提示，予以配合。</p><p><strong>寄存说明</strong></p><p>无寄存处，请自行保管携带物品</p><p><strong>最低演出时长</strong></p><p>90分钟</p><p><strong>班车信息</strong></p><p>无班车</p><p><strong>露营信息</strong></p><p>不开放露营</p><p><strong><span style='font-size: 14px; font-family: 宋体, SimSun;'><br></span></strong><br></p><p style='display:none;' data-background='background-repeat:no-repeat; background-position:center center; background-color:#F2F2F2;'><br></p>"),
    (NULL," 独家 第二届理想主义者聚会/暨莱恩音悦三周年庆典 ONE THIRD X SMILEY派对 DAN TEPFER TRIO 独家 【狸猫音乐】学生专场VOL.2 ","images/shows/11abdf98404f4413982277ef50465c73_600_800_135096.0x0.jpg","<p><strong style='text-align: justify;'><span style='font-family: 宋体;letter-spacing: 0;font-size: 14px'>参演艺人：</span></strong><strong style='text-align: justify;'><span style='font-family: 宋体; letter-spacing: 0px; font-size: 14px;'>丢火车（球子）&nbsp;/&nbsp;刘相松（南无乐队）&nbsp;/&nbsp;曾雪雅&nbsp;/&nbsp;曾楠&nbsp;/&nbsp;刘莉旻&nbsp;</span></strong></p><p><strong style='text-align: justify;'><span style='font-family: 宋体; letter-spacing: 0px; font-size: 14px;'>嘉宾主持：<span style='font-family: &quot;Open Sans&quot;, sans-serif; background-color: rgb(255, 255, 255);'>晓月老板</span></span></strong></p><p style='margin-top:0;margin-right:0;margin-bottom:0;margin-left:0;text-indent:0;padding:0 0 0 0 ;text-align:justify;text-justify:inter-ideograph'><strong><span style='letter-spacing: 0px; font-size: 14px; font-family: 宋体;'>演出场地：北京&nbsp;糖果LIVE三层</span></strong></p><p><span style='font-family: 宋体, SimSun; font-size: 14px;'><br></span></p><p><span style='font-family: 宋体, SimSun; font-size: 14px;'><br></span></p><p><span style='font-family: 宋体, SimSun; font-size: 14px;'>第二届理想主义者聚会/暨莱恩音悦三周年庆典</span></p><p><br></p><p><span style='font-family: 宋体, SimSun; font-size: 14px;'>6月是纪念某位中国伟大的摇滚乐手/主唱的日子</span></p><p><span style='font-family: 宋体, SimSun; font-size: 14px;'><br></span></p><p><span style='font-family: 宋体, SimSun; font-size: 14px;'>也是天生的理想主义者们聚会的日子</span></p><p><br></p><p><span style='font-family: 宋体, SimSun; font-size: 14px;'>同样也是莱恩音悦服务于中国音乐人们的第三个年头</span></p><p><span style='font-family: 宋体, SimSun; font-size: 14px;'><br></span></p><p><span style='font-family: 宋体, SimSun; font-size: 14px;'>在这样的日子里，让我们再次一起高呼Rock n Roll</span></p><p><span style='font-family: 宋体, SimSun; font-size: 14px;'><br></span></p><p><span style='font-family: 宋体, SimSun; font-size: 14px;'>也为中国独立音乐的前行 &nbsp;摇旗呐喊</span></p><p><span style='font-family: 宋体, SimSun; font-size: 14px;'><br></span></p><p><span style='font-family: 宋体, SimSun; font-size: 14px;'><br></span></p><p><span style='font-family: 宋体, SimSun; font-size: 14px;'></span></p><p style='margin-top:0;margin-right:0;margin-bottom:0;margin-left:0;text-indent:0;padding:0 0 0 0 ;text-align:justify;text-justify:inter-ideograph;line-height:20px'><strong><span style='letter-spacing: 0px; font-size: 14px; font-family: 宋体;'>购票须知</span></strong></p><p style='margin-top:0;margin-right:0;margin-bottom:0;margin-left:0;text-indent:0;padding:0 0 0 0 ;text-align:justify;text-justify:inter-ideograph;line-height:20px'><strong><span style='font-family: 宋体; letter-spacing: 0px; font-size: 14px;'>1.本场演出不支持退换票，如无法正常观看，还请自行处理，给您带来不便敬请谅解；</span></strong></p><p style='margin-top:0;margin-right:0;margin-bottom:0;margin-left:0;text-indent:0;padding:0 0 0 0 ;text-align:justify;text-justify:inter-ideograph;line-height:20px'><strong><span style='font-family: 宋体; letter-spacing: 0px; font-size: 14px;'>2.本场演出凭电子票二维码核验入场，无实体票，场地内不设座位，均为站席观演；</span></strong></p><p style='margin-top:0;margin-right:0;margin-bottom:0;margin-left:0;text-indent:0;padding:0 0 0 0 ;text-align:justify;text-justify:inter-ideograph;line-height:20px'><strong><span style='font-family: 宋体; letter-spacing: 0px; font-size: 14px;'>3.请勿发布任何形式的转票信息。</span></strong></p><p><span style='font-family: 宋体, SimSun; font-size: 14px;'><br></span><br></p>"),
    (NULL," Christian Scott ONE THIRD X SMILEY派对 DAN TEPFER TRIO 独家 【狸猫音乐】学生专场VOL.2 ","images/shows/ee29d2cb61f74a1486ad0440559a7eba_600_800_114132.0x0.jpg","<p><span style='font-size: 14px; font-family: 宋体, SimSun;'>CHRISTIAN SCOTT ATUNDE ADJUAH</span></p><p><br></p><p><img src='https://s2.showstart.com/img/2019/20190515/86fb581e5c0b4da3a4bc3a3e58afb9f5_1125_450_367798.0x0.jpg?imageMogr2/thumbnail/640x/gravity/Center/crop/640x' title='/img/2019/20190515/86fb581e5c0b4da3a4bc3a3e58afb9f5_1125_450_367798.0x0.jpg' alt=''></p><p><br></p><p><span style='font-size: 14px; font-family: 宋体, SimSun;'>演出时间&amp;票价信息</span></p><p><span style='font-size: 14px; font-family: 宋体, SimSun;'>日期/Date：2019年6月8日（周六）</span></p><p><span style='font-size: 14px; font-family: 宋体, SimSun;'>第一场1st</span></p><p><span style='font-size: 14px; font-family: 宋体, SimSun;'>入场时间/Door Time：6:00 PM</span></p><p><span style='font-size: 14px; font-family: 宋体, SimSun;'>演出时间/Show Time：7:30PM</span></p><p><span style='font-size: 14px; font-family: 宋体, SimSun;'>B2剧场票价Ticket Price：</span></p><p><span style='font-size: 14px; font-family: 宋体, SimSun;'>200（吧座）/300（边座）/400（主座）RMB</span></p><p><span style='font-size: 14px; font-family: 宋体, SimSun;'>B1包厢价格Box Prices：</span></p><p><span style='font-size: 14px; font-family: 宋体, SimSun;'>5人包厢价格／5 person：3500RMB</span></p><p><span style='font-size: 14px; font-family: 宋体, SimSun;'>7人包厢价格／7 person：4900RMB</span></p><p><span style='font-size: 14px; font-family: 宋体, SimSun;'>8人包厢价格／8 person：5600RMB</span></p><p><span style='font-size: 14px; font-family: 宋体, SimSun;'>10人包厢价格／10 person：7000RMB</span></p><p><span style='font-size: 14px; font-family: 宋体, SimSun;'>包厢价格（同等人数主座门票＋人均300RMB消费）</span></p><p><span style='font-size: 14px; font-family: 宋体, SimSun;'>&nbsp;</span></p><p><span style='font-size: 14px; font-family: 宋体, SimSun;'>日期/Date：2019年6月9日（周六）</span></p><p><span style='font-size: 14px; font-family: 宋体, SimSun;'>第二场2nd</span></p><p><span style='font-size: 14px; font-family: 宋体, SimSun;'>入场时间/Door Time：9:30PM</span></p><p><span style='font-size: 14px; font-family: 宋体, SimSun;'>演出时间/Show Time：10:00PM</span></p><p><span style='font-size: 14px; font-family: 宋体, SimSun;'>B2剧场票价Ticket Price：</span></p><p><span style='font-size: 14px; font-family: 宋体, SimSun;'>160（吧座）/260（边座）/360（主座）RMB</span></p><p><span style='font-size: 14px; font-family: 宋体, SimSun;'>B1包厢价格Box Prices：</span></p><p><span style='font-size: 14px; font-family: 宋体, SimSun;'>5人包厢价格／5 person：3300RMB</span></p><p><span style='font-size: 14px; font-family: 宋体, SimSun;'>7人包厢价格／7 person：4620RMB</span></p><p><span style='font-size: 14px; font-family: 宋体, SimSun;'>8人包厢价格／8 person：5280RMB</span></p><p><span style='font-size: 14px; font-family: 宋体, SimSun;'>10人包厢价格／10 person：6600RMB</span></p><p><span style='font-size: 14px; font-family: 宋体, SimSun;'>包厢价格（同等人数主座门票＋人均300RMB消费）</span></p><p><span style='font-size: 14px; font-family: 宋体, SimSun;'>&nbsp;</span></p><p><span style='font-size: 14px; font-family: 宋体, SimSun;'>演出时间&amp;票价信息</span></p><p><span style='font-size: 14px; font-family: 宋体, SimSun;'>日期/Date：2019年6月9日（周日）</span></p><p><span style='font-size: 14px; font-family: 宋体, SimSun;'>入场时间/Door Time：5:00 PM</span></p><p><span style='font-size: 14px; font-family: 宋体, SimSun;'>演出时间/Show Time：6:30PM</span></p><p><span style='font-size: 14px; font-family: 宋体, SimSun;'>地址/Add：前门东大街23号 Blue Note Beijing</span></p><p><span style='font-size: 14px; font-family: 宋体, SimSun;'>23 Qianmen East Street. Dongcheng District. Beijing</span></p><p><span style='font-size: 14px; font-family: 宋体, SimSun;'>电话Tel：170-0000-0288</span></p><p><span style='font-size: 14px; font-family: 宋体, SimSun;'>B2剧场票价Ticket Price：</span></p><p><span style='font-size: 14px; font-family: 宋体, SimSun;'>200（吧座）/300（边座）/400（主座）RMB</span></p><p><span style='font-size: 14px; font-family: 宋体, SimSun;'>（餐饮低消：100RMB）&nbsp;</span></p><p><span style='font-size: 14px; font-family: 宋体, SimSun;'>B1包厢价格Box Prices：</span></p><p><span style='font-size: 14px; font-family: 宋体, SimSun;'>5人包厢价格／5 person：3500RMB</span></p><p><span style='font-size: 14px; font-family: 宋体, SimSun;'>7人包厢价格／7 person：4900RMB</span></p><p><span style='font-size: 14px; font-family: 宋体, SimSun;'>8人包厢价格／8 person：5600RMB</span></p><p><span style='font-size: 14px; font-family: 宋体, SimSun;'>10人包厢价格／10 person：7000RMB</span></p><p><span style='font-size: 14px; font-family: 宋体, SimSun;'>包厢价格（同等人数主座门票＋人均300RMB低消）</span></p><p><span style='font-size: 14px; font-family: 宋体, SimSun;'>&nbsp;</span></p><p><span style='font-size: 14px; font-family: 宋体, SimSun;'>&nbsp;</span></p><p><span style='font-size: 14px; font-family: 宋体, SimSun;'>Mercedes-Benz JAZZ MASTER SERIES</span></p><p><span style='font-size: 14px; font-family: 宋体, SimSun;'>梅赛德斯-奔驰特别呈现爵士大师堂系列</span></p><p><span style='font-size: 14px; font-family: 宋体, SimSun;'>&nbsp;</span></p><p><span style='font-size: 14px; font-family: 宋体, SimSun;'>乐队成员</span></p><p><span style='font-size: 14px; font-family: 宋体, SimSun;'>Christian Scott - trumpet</span></p><p><span style='font-size: 14px; font-family: 宋体, SimSun;'>Lawrence Fields - piano/keys</span></p><p><span style='font-size: 14px; font-family: 宋体, SimSun;'>Logan Richardson - sax</span></p><p><span style='font-size: 14px; font-family: 宋体, SimSun;'>Corey Fonville - drums&nbsp;</span></p><p><span style='font-size: 14px; font-family: 宋体, SimSun;'>Max Mucha - bass</span></p><p><span style='font-size: 14px; font-family: 宋体, SimSun;'>&nbsp;</span></p><p><span style='font-size: 14px; font-family: 宋体, SimSun;'>&nbsp;</span></p><p><span style='font-size: 14px; font-family: 宋体, SimSun;'>Christian Scott，也被称为Christian Scott aTunde Adjuah（1983年3月31日出生于新奥尔良市路易斯安那州），曾两次获得爱迪生奖和格莱美奖提名的小号手，作曲家和制片人。他是爵士创新者和传奇萨克斯Donald Harrison, Jr.的侄子。他十三岁时在叔叔的指导下开始了音乐生涯。在2001年从新奥尔良创意艺术中心（NOCCA）毕业后，Christian Scott获得了伯克利音乐学院的全额学费奖学金，并在之后获得了音乐和电影专业学位。</span></p><p><span style='font-size: 14px; font-family: 宋体, SimSun;'>&nbsp;</span></p><p><span style='font-size: 14px; font-family: 宋体, SimSun;'>Christian Scott, also known as Christian Scott aTunde Adjuah (born March 31, 1983, in New Orleans, Louisiana) is a two-time Edison Award winning and Grammy Award nominated trumpeter, composer and producer. He is the nephew of jazz innovator and legendary sax man, Donald Harrison, Jr. His musical tutelage began under the direction of his uncle at the age of thirteen. After graduating from the New Orleans Center for Creative Arts (NOCCA) in 2001, Christian received a full tuition scholarship to Berklee College of Music where he earned a degree in professional music and film scoring thirty months later.</span></p><p><span style='font-size: 14px; font-family: 宋体, SimSun;'>&nbsp;</span></p><p><span style='font-size: 14px; font-family: 宋体, SimSun;'>自2002年以来，Christian已经发行了11张备受好评的录音室专辑，两张现场专辑和一张最受欢迎合辑。据NPR称，“Christian Scott迎来了爵士乐的新时代'。他被JazzTimes杂志誉为'Jazz's young style God'。Christian以开发被称为'forecasting cell'的谐波惯例而闻名，并且在演奏中使用了无声的音调，强调了呼吸时的呼吸振动。这种技术被称为'whisper technique'。</span></p><p><span style='font-size: 14px; font-family: 宋体, SimSun;'>&nbsp;</span></p><p><span style='font-size: 14px; font-family: 宋体, SimSun;'>Since 2002, Christian has released eleven critically acclaimed studio recordings, two live albums and one greatest hits collection. According to NPR, 'Christian Scott ushers in new era of jazz'. He has been heralded by JazzTimes Magazine as 'Jazz's young style God.' Christian is known for developing the harmonic convention known as the 'forecasting cell' and for his use of an un-voiced tone in his playing, emphasizing breath over vibration at the mouthpiece. The technique is known as his 'whisper technique.'</span></p><p><span style='font-size: 14px; font-family: 宋体, SimSun;'>&nbsp;</span></p><p><span style='font-size: 14px; font-family: 宋体, SimSun;'>Christian是'Stretch Music'的鼻祖，这是一种扎根于爵士乐的特例音乐形式，它试图'伸展'爵士乐的节奏、旋律和和声传统，以包含尽可能多的其他音乐形式、语言和文化。爵士乐是一个进步的音乐运动，基督教是其作为一种艺术形式继续生存的前沿。2015年发行的专辑《Stretch Music》标志着Christian的Stretch Music唱片公司与Ropeadope唱片公司的合作。评论家和粉丝们都对这张专辑大加赞赏。《Stretch Music》也是第一个附带应用程序的唱片，Christian因此获得了著名的JazzFM年度创新者奖。Stretch Music App是一款互动音乐播放器，它允许音乐家通过定制播放器来满足他们的特定需求和目标，从而完全控制他们的练习、听力和学习体验。</span></p><p><span style='font-size: 14px; font-family: 宋体, SimSun;'>&nbsp;</span></p><p><span style='font-size: 14px; font-family: 宋体, SimSun;'>Christian is the progenitor of 'Stretch Music,' a jazz rooted, genre blind musical form that attempts to 'stretch' jazz’s rhythmic, melodic and harmonic conventions to encompass as many other musical forms, languages and cultures as possible. Jazz is a progressive musical movement and Christian is at the forefront of its continued viability as an art form. Christian’s 2015 release, Stretch Music, marked the partnership between Christian’s Stretch Music record label and Ropeadope Records. Critics and fans alike have praised the recording. Stretch Music is also the first recording to have an accompanying app, for which Christian won the prestigious JazzFM Innovator of the year Award in 2016. The Stretch Music App is an interactive music player that allows musicians the ability to completely control their practicing, listening and learning experience by customizing the player to fit their specific needs and goals.</span></p><p><span style='font-size: 14px; font-family: 宋体, SimSun;'>&nbsp;</span></p><p><span style='font-size: 14px; font-family: 宋体, SimSun;'>2017年，Christian发行了三张专辑，统称为《百年纪念三部曲》(Centennial Trilogy)。为了纪念1917年第一张爵士乐唱片问世100周年。</span></p><p><span style='font-size: 14px; font-family: 宋体, SimSun;'>该系列的核心是通过声音对世界社会政治现实进行冷静的重新评估。它讲述了一系列继续困扰人类集体经历的问题，例如美国通过监狱工业联合体的奴役、粮食不安全、仇外心理、移民、气候变化、性取向和性别不平等，法西斯主义以及煽动者的回归。</span></p><p><span style='font-size: 14px; font-family: 宋体, SimSun;'>&nbsp;</span></p><p><span style='font-size: 14px; font-family: 宋体, SimSun;'>In 2017, Christian released three albums, collectively titled The Centennial Trilogy, that debuted at number one on iTunes. The albums’ launch commemorated the 100th anniversary of the first Jazz recordings of 1917. The series is, at its core, a sobering re-evaluation of the social political realities of the world through sound. It speaks to a litany of issues that continue to plague the collective human experience, such as slavery in America via the Prison Industrial Complex, food insecurity, xenophobia, immigration, climate change, sexual orientation and gender inequality, fascism and the return of the demagogue.</span></p><p><span style='font-size: 14px; font-family: 宋体, SimSun;'>&nbsp;</span></p><p><span style='font-size: 14px; font-family: 宋体, SimSun;'>三部曲的第一章——&nbsp;Ruler Rebel，生动地描绘了Adjuah的新视觉与声音,他以西非音乐与新奥尔传统风格音乐来延伸trap music。这种全新的创作方法,&nbsp;前所未闻。Ruler Rebel发行于今年3月第一次举办的Stretch Music Festival之后，在Harlem Stage，由Adjuah创作。Stretch Music Festival旨在探索并发掘stretch, jazz, trap, 和alternative rock等正在这些音乐中正冉冉升起的新星。而在Diasopora&nbsp;（6月23日发行的）这章中，Adjuah探索了从新奥尔良、加勒比海音乐到北欧流行乐、前卫摇滚、日本传统音乐、非洲音乐等等风格。他被《爵士时代》杂志誉为作为'爵士界年轻风格的上帝'和 '一种新的商业上可行的融合'，他是Stretch Music的始祖，这是一种genre-blind音乐形式，它是将爵士乐的节奏、旋律和和声形式延伸到更多音乐烦人形式、语言、思维过程和文化的一种音乐表达。在2016年，他赢得了Jazz FM的年度创新奖，以及Down&nbsp;Beat的评论家们一起投票选择的新星作曲家奖及多个明星小号手荣誉。</span></p><p><span style='font-size: 14px; font-family: 宋体, SimSun;'>&nbsp;</span></p><p><span style='font-size: 14px; font-family: 宋体, SimSun;'>The first release in the trilogy, Ruler Rebel, vividly depicts Adjuah's new vision and sound - revealing Adjuah to the listener in a way never heard before via a completely new production methodology that stretches trap music with West African and New Orleanian Black Indian masking tradition musical styles. Ruler Rebel’s release coincided with the first annual Stretch Music Festival at Harlem Stage in New York. The Stretch Music Festival, created and curated by Christian, explores the boundaries of Stretch, Jazz, Trap, and Alternative Rock with some of music’s most poised and fiery rising stars. The sold-out performances were met with praise from both music critics and fans. The second release, Diaspora, was showcased during Adjuah’s sold-out Carnegie Hall performance in 2017. The third release, Emancipation Procrastination, launched in September 2017 during NPR’s global Jazz Night in America broadcast from New Orleans.</span></p><p><span style='font-size: 14px; font-family: 宋体, SimSun;'>&nbsp;</span></p><p><span style='font-size: 14px; font-family: 宋体, SimSun;'>注：换票时间始于入场时间前半小时，请各位观众安排好时间换票。</span></p>"),
    (NULL," Christian Scott ONE THIRD X SMILEY派对 DAN TEPFER TRIO 独家 【狸猫音乐】学生专场VOL.2 ","images/shows/ee29d2cb61f74a1486ad0440559a7eba_600_800_114132.0x0.jpg","<p><span style='font-size: 14px; font-family: 宋体, SimSun;'>CHRISTIAN SCOTT ATUNDE ADJUAH</span></p><p><br></p><p><img src='https://s2.showstart.com/img/2019/20190515/86fb581e5c0b4da3a4bc3a3e58afb9f5_1125_450_367798.0x0.jpg?imageMogr2/thumbnail/640x/gravity/Center/crop/640x' title='/img/2019/20190515/86fb581e5c0b4da3a4bc3a3e58afb9f5_1125_450_367798.0x0.jpg' alt=''></p><p><br></p><p><span style='font-size: 14px; font-family: 宋体, SimSun;'>演出时间&amp;票价信息</span></p><p><span style='font-size: 14px; font-family: 宋体, SimSun;'>日期/Date：2019年6月8日（周六）</span></p><p><span style='font-size: 14px; font-family: 宋体, SimSun;'>第一场1st</span></p><p><span style='font-size: 14px; font-family: 宋体, SimSun;'>入场时间/Door Time：6:00 PM</span></p><p><span style='font-size: 14px; font-family: 宋体, SimSun;'>演出时间/Show Time：7:30PM</span></p><p><span style='font-size: 14px; font-family: 宋体, SimSun;'>B2剧场票价Ticket Price：</span></p><p><span style='font-size: 14px; font-family: 宋体, SimSun;'>200（吧座）/300（边座）/400（主座）RMB</span></p><p><span style='font-size: 14px; font-family: 宋体, SimSun;'>B1包厢价格Box Prices：</span></p><p><span style='font-size: 14px; font-family: 宋体, SimSun;'>5人包厢价格／5 person：3500RMB</span></p><p><span style='font-size: 14px; font-family: 宋体, SimSun;'>7人包厢价格／7 person：4900RMB</span></p><p><span style='font-size: 14px; font-family: 宋体, SimSun;'>8人包厢价格／8 person：5600RMB</span></p><p><span style='font-size: 14px; font-family: 宋体, SimSun;'>10人包厢价格／10 person：7000RMB</span></p><p><span style='font-size: 14px; font-family: 宋体, SimSun;'>包厢价格（同等人数主座门票＋人均300RMB消费）</span></p><p><span style='font-size: 14px; font-family: 宋体, SimSun;'>&nbsp;</span></p><p><span style='font-size: 14px; font-family: 宋体, SimSun;'>日期/Date：2019年6月9日（周六）</span></p><p><span style='font-size: 14px; font-family: 宋体, SimSun;'>第二场2nd</span></p><p><span style='font-size: 14px; font-family: 宋体, SimSun;'>入场时间/Door Time：9:30PM</span></p><p><span style='font-size: 14px; font-family: 宋体, SimSun;'>演出时间/Show Time：10:00PM</span></p><p><span style='font-size: 14px; font-family: 宋体, SimSun;'>B2剧场票价Ticket Price：</span></p><p><span style='font-size: 14px; font-family: 宋体, SimSun;'>160（吧座）/260（边座）/360（主座）RMB</span></p><p><span style='font-size: 14px; font-family: 宋体, SimSun;'>B1包厢价格Box Prices：</span></p><p><span style='font-size: 14px; font-family: 宋体, SimSun;'>5人包厢价格／5 person：3300RMB</span></p><p><span style='font-size: 14px; font-family: 宋体, SimSun;'>7人包厢价格／7 person：4620RMB</span></p><p><span style='font-size: 14px; font-family: 宋体, SimSun;'>8人包厢价格／8 person：5280RMB</span></p><p><span style='font-size: 14px; font-family: 宋体, SimSun;'>10人包厢价格／10 person：6600RMB</span></p><p><span style='font-size: 14px; font-family: 宋体, SimSun;'>包厢价格（同等人数主座门票＋人均300RMB消费）</span></p><p><span style='font-size: 14px; font-family: 宋体, SimSun;'>&nbsp;</span></p><p><span style='font-size: 14px; font-family: 宋体, SimSun;'>演出时间&amp;票价信息</span></p><p><span style='font-size: 14px; font-family: 宋体, SimSun;'>日期/Date：2019年6月9日（周日）</span></p><p><span style='font-size: 14px; font-family: 宋体, SimSun;'>入场时间/Door Time：5:00 PM</span></p><p><span style='font-size: 14px; font-family: 宋体, SimSun;'>演出时间/Show Time：6:30PM</span></p><p><span style='font-size: 14px; font-family: 宋体, SimSun;'>地址/Add：前门东大街23号 Blue Note Beijing</span></p><p><span style='font-size: 14px; font-family: 宋体, SimSun;'>23 Qianmen East Street. Dongcheng District. Beijing</span></p><p><span style='font-size: 14px; font-family: 宋体, SimSun;'>电话Tel：170-0000-0288</span></p><p><span style='font-size: 14px; font-family: 宋体, SimSun;'>B2剧场票价Ticket Price：</span></p><p><span style='font-size: 14px; font-family: 宋体, SimSun;'>200（吧座）/300（边座）/400（主座）RMB</span></p><p><span style='font-size: 14px; font-family: 宋体, SimSun;'>（餐饮低消：100RMB）&nbsp;</span></p><p><span style='font-size: 14px; font-family: 宋体, SimSun;'>B1包厢价格Box Prices：</span></p><p><span style='font-size: 14px; font-family: 宋体, SimSun;'>5人包厢价格／5 person：3500RMB</span></p><p><span style='font-size: 14px; font-family: 宋体, SimSun;'>7人包厢价格／7 person：4900RMB</span></p><p><span style='font-size: 14px; font-family: 宋体, SimSun;'>8人包厢价格／8 person：5600RMB</span></p><p><span style='font-size: 14px; font-family: 宋体, SimSun;'>10人包厢价格／10 person：7000RMB</span></p><p><span style='font-size: 14px; font-family: 宋体, SimSun;'>包厢价格（同等人数主座门票＋人均300RMB低消）</span></p><p><span style='font-size: 14px; font-family: 宋体, SimSun;'>&nbsp;</span></p><p><span style='font-size: 14px; font-family: 宋体, SimSun;'>&nbsp;</span></p><p><span style='font-size: 14px; font-family: 宋体, SimSun;'>Mercedes-Benz JAZZ MASTER SERIES</span></p><p><span style='font-size: 14px; font-family: 宋体, SimSun;'>梅赛德斯-奔驰特别呈现爵士大师堂系列</span></p><p><span style='font-size: 14px; font-family: 宋体, SimSun;'>&nbsp;</span></p><p><span style='font-size: 14px; font-family: 宋体, SimSun;'>乐队成员</span></p><p><span style='font-size: 14px; font-family: 宋体, SimSun;'>Christian Scott - trumpet</span></p><p><span style='font-size: 14px; font-family: 宋体, SimSun;'>Lawrence Fields - piano/keys</span></p><p><span style='font-size: 14px; font-family: 宋体, SimSun;'>Logan Richardson - sax</span></p><p><span style='font-size: 14px; font-family: 宋体, SimSun;'>Corey Fonville - drums&nbsp;</span></p><p><span style='font-size: 14px; font-family: 宋体, SimSun;'>Max Mucha - bass</span></p><p><span style='font-size: 14px; font-family: 宋体, SimSun;'>&nbsp;</span></p><p><span style='font-size: 14px; font-family: 宋体, SimSun;'>&nbsp;</span></p><p><span style='font-size: 14px; font-family: 宋体, SimSun;'>Christian Scott，也被称为Christian Scott aTunde Adjuah（1983年3月31日出生于新奥尔良市路易斯安那州），曾两次获得爱迪生奖和格莱美奖提名的小号手，作曲家和制片人。他是爵士创新者和传奇萨克斯Donald Harrison, Jr.的侄子。他十三岁时在叔叔的指导下开始了音乐生涯。在2001年从新奥尔良创意艺术中心（NOCCA）毕业后，Christian Scott获得了伯克利音乐学院的全额学费奖学金，并在之后获得了音乐和电影专业学位。</span></p><p><span style='font-size: 14px; font-family: 宋体, SimSun;'>&nbsp;</span></p><p><span style='font-size: 14px; font-family: 宋体, SimSun;'>Christian Scott, also known as Christian Scott aTunde Adjuah (born March 31, 1983, in New Orleans, Louisiana) is a two-time Edison Award winning and Grammy Award nominated trumpeter, composer and producer. He is the nephew of jazz innovator and legendary sax man, Donald Harrison, Jr. His musical tutelage began under the direction of his uncle at the age of thirteen. After graduating from the New Orleans Center for Creative Arts (NOCCA) in 2001, Christian received a full tuition scholarship to Berklee College of Music where he earned a degree in professional music and film scoring thirty months later.</span></p><p><span style='font-size: 14px; font-family: 宋体, SimSun;'>&nbsp;</span></p><p><span style='font-size: 14px; font-family: 宋体, SimSun;'>自2002年以来，Christian已经发行了11张备受好评的录音室专辑，两张现场专辑和一张最受欢迎合辑。据NPR称，“Christian Scott迎来了爵士乐的新时代'。他被JazzTimes杂志誉为'Jazz's young style God'。Christian以开发被称为'forecasting cell'的谐波惯例而闻名，并且在演奏中使用了无声的音调，强调了呼吸时的呼吸振动。这种技术被称为'whisper technique'。</span></p><p><span style='font-size: 14px; font-family: 宋体, SimSun;'>&nbsp;</span></p><p><span style='font-size: 14px; font-family: 宋体, SimSun;'>Since 2002, Christian has released eleven critically acclaimed studio recordings, two live albums and one greatest hits collection. According to NPR, 'Christian Scott ushers in new era of jazz'. He has been heralded by JazzTimes Magazine as 'Jazz's young style God.' Christian is known for developing the harmonic convention known as the 'forecasting cell' and for his use of an un-voiced tone in his playing, emphasizing breath over vibration at the mouthpiece. The technique is known as his 'whisper technique.'</span></p><p><span style='font-size: 14px; font-family: 宋体, SimSun;'>&nbsp;</span></p><p><span style='font-size: 14px; font-family: 宋体, SimSun;'>Christian是'Stretch Music'的鼻祖，这是一种扎根于爵士乐的特例音乐形式，它试图'伸展'爵士乐的节奏、旋律和和声传统，以包含尽可能多的其他音乐形式、语言和文化。爵士乐是一个进步的音乐运动，基督教是其作为一种艺术形式继续生存的前沿。2015年发行的专辑《Stretch Music》标志着Christian的Stretch Music唱片公司与Ropeadope唱片公司的合作。评论家和粉丝们都对这张专辑大加赞赏。《Stretch Music》也是第一个附带应用程序的唱片，Christian因此获得了著名的JazzFM年度创新者奖。Stretch Music App是一款互动音乐播放器，它允许音乐家通过定制播放器来满足他们的特定需求和目标，从而完全控制他们的练习、听力和学习体验。</span></p><p><span style='font-size: 14px; font-family: 宋体, SimSun;'>&nbsp;</span></p><p><span style='font-size: 14px; font-family: 宋体, SimSun;'>Christian is the progenitor of 'Stretch Music,' a jazz rooted, genre blind musical form that attempts to 'stretch' jazz’s rhythmic, melodic and harmonic conventions to encompass as many other musical forms, languages and cultures as possible. Jazz is a progressive musical movement and Christian is at the forefront of its continued viability as an art form. Christian’s 2015 release, Stretch Music, marked the partnership between Christian’s Stretch Music record label and Ropeadope Records. Critics and fans alike have praised the recording. Stretch Music is also the first recording to have an accompanying app, for which Christian won the prestigious JazzFM Innovator of the year Award in 2016. The Stretch Music App is an interactive music player that allows musicians the ability to completely control their practicing, listening and learning experience by customizing the player to fit their specific needs and goals.</span></p><p><span style='font-size: 14px; font-family: 宋体, SimSun;'>&nbsp;</span></p><p><span style='font-size: 14px; font-family: 宋体, SimSun;'>2017年，Christian发行了三张专辑，统称为《百年纪念三部曲》(Centennial Trilogy)。为了纪念1917年第一张爵士乐唱片问世100周年。</span></p><p><span style='font-size: 14px; font-family: 宋体, SimSun;'>该系列的核心是通过声音对世界社会政治现实进行冷静的重新评估。它讲述了一系列继续困扰人类集体经历的问题，例如美国通过监狱工业联合体的奴役、粮食不安全、仇外心理、移民、气候变化、性取向和性别不平等，法西斯主义以及煽动者的回归。</span></p><p><span style='font-size: 14px; font-family: 宋体, SimSun;'>&nbsp;</span></p><p><span style='font-size: 14px; font-family: 宋体, SimSun;'>In 2017, Christian released three albums, collectively titled The Centennial Trilogy, that debuted at number one on iTunes. The albums’ launch commemorated the 100th anniversary of the first Jazz recordings of 1917. The series is, at its core, a sobering re-evaluation of the social political realities of the world through sound. It speaks to a litany of issues that continue to plague the collective human experience, such as slavery in America via the Prison Industrial Complex, food insecurity, xenophobia, immigration, climate change, sexual orientation and gender inequality, fascism and the return of the demagogue.</span></p><p><span style='font-size: 14px; font-family: 宋体, SimSun;'>&nbsp;</span></p><p><span style='font-size: 14px; font-family: 宋体, SimSun;'>三部曲的第一章——&nbsp;Ruler Rebel，生动地描绘了Adjuah的新视觉与声音,他以西非音乐与新奥尔传统风格音乐来延伸trap music。这种全新的创作方法,&nbsp;前所未闻。Ruler Rebel发行于今年3月第一次举办的Stretch Music Festival之后，在Harlem Stage，由Adjuah创作。Stretch Music Festival旨在探索并发掘stretch, jazz, trap, 和alternative rock等正在这些音乐中正冉冉升起的新星。而在Diasopora&nbsp;（6月23日发行的）这章中，Adjuah探索了从新奥尔良、加勒比海音乐到北欧流行乐、前卫摇滚、日本传统音乐、非洲音乐等等风格。他被《爵士时代》杂志誉为作为'爵士界年轻风格的上帝'和 '一种新的商业上可行的融合'，他是Stretch Music的始祖，这是一种genre-blind音乐形式，它是将爵士乐的节奏、旋律和和声形式延伸到更多音乐烦人形式、语言、思维过程和文化的一种音乐表达。在2016年，他赢得了Jazz FM的年度创新奖，以及Down&nbsp;Beat的评论家们一起投票选择的新星作曲家奖及多个明星小号手荣誉。</span></p><p><span style='font-size: 14px; font-family: 宋体, SimSun;'>&nbsp;</span></p><p><span style='font-size: 14px; font-family: 宋体, SimSun;'>The first release in the trilogy, Ruler Rebel, vividly depicts Adjuah's new vision and sound - revealing Adjuah to the listener in a way never heard before via a completely new production methodology that stretches trap music with West African and New Orleanian Black Indian masking tradition musical styles. Ruler Rebel’s release coincided with the first annual Stretch Music Festival at Harlem Stage in New York. The Stretch Music Festival, created and curated by Christian, explores the boundaries of Stretch, Jazz, Trap, and Alternative Rock with some of music’s most poised and fiery rising stars. The sold-out performances were met with praise from both music critics and fans. The second release, Diaspora, was showcased during Adjuah’s sold-out Carnegie Hall performance in 2017. The third release, Emancipation Procrastination, launched in September 2017 during NPR’s global Jazz Night in America broadcast from New Orleans.</span></p><p><span style='font-size: 14px; font-family: 宋体, SimSun;'>&nbsp;</span></p><p><span style='font-size: 14px; font-family: 宋体, SimSun;'>注：换票时间始于入场时间前半小时，请各位观众安排好时间换票。</span></p>"),
    (NULL," 独家 CD转录磁带之秘籍 玩家必修课 福声模拟音乐沙龙 ONE THIRD X SMILEY派对 DAN TEPFER TRIO 独家 【狸猫音乐】学生专场VOL.2 ","images/shows/733a4025a77c41a48e0123b78bebf457_600_800_88026.0x0.jpg","<p><strong><span style='font-size: 14px; font-family: 宋体, SimSun;'>演出艺人：<span style='font-size: 14px; background-color: rgb(255, 255, 255);'>乔小兵</span></span></strong></p><p><strong><span style='font-size: 14px; font-family: 宋体, SimSun;'>演出场地：北京&nbsp;福声唱片</span></strong></p><p><br></p><p><br></p><p><br></p><p><span style='font-size: 14px; font-family: 宋体, SimSun;'>超级发烧讲堂</span></p><p><span style='font-size: 14px; font-family: 宋体, SimSun;'>冰冷CD数码声&nbsp;转身 温暖模拟声</span></p><p><span style='font-size: 14px; font-family: 宋体, SimSun;'><br></span></p><p><img title='/img/2019/20190601/20f7cea5cda640fd94b592e527b90ac2_799_606_63761.0x0.jpg' style='' src='https://s2.showstart.com/img/2019/20190601/20f7cea5cda640fd94b592e527b90ac2_799_606_63761.0x0.jpg?imageMogr2/thumbnail/640x/gravity/Center/crop/640x'></p><p><br></p><p><span style='font-size: 14px; font-family: 宋体, SimSun;'>全球发烧友疯狂享受模拟声之时，<br>无情带来痛点多多</span></p><p><span style='font-size: 14px; font-family: 宋体, SimSun;'><br></span></p><p><img title='/img/2019/20190601/cc1e6cac66d947fc835f2f82659e2b3c_800_700_63451.0x0.jpg' style='' src='https://s2.showstart.com/img/2019/20190601/cc1e6cac66d947fc835f2f82659e2b3c_800_700_63451.0x0.jpg?imageMogr2/thumbnail/640x/gravity/Center/crop/640x'></p><p><br></p><p><span style='font-size: 14px; font-family: 宋体, SimSun;'>CD成鸡肋，弃之可惜、听之无味</span></p><p><span style='font-size: 14px; font-family: 宋体, SimSun;'>黑胶虽可爱，想说爱你不容易</span></p><p><span style='font-size: 14px; font-family: 宋体, SimSun;'>CD、黑胶劈腿，投资、片源、家中面积……<br></span></p><p><span style='font-size: 14px; font-family: 宋体, SimSun;'><br></span></p><p><img title='/img/2019/20190601/f7e34e09046d4b9b8c79ea673d60d6aa_800_602_61225.0x0.jpg' style='' src='https://s2.showstart.com/img/2019/20190601/f7e34e09046d4b9b8c79ea673d60d6aa_800_602_61225.0x0.jpg?imageMogr2/thumbnail/640x/gravity/Center/crop/640x'></p><p><img title='/img/2019/20190601/e8f2075d178840d190cf719f16a69bed_800_510_50342.0x0.jpg' style='' src='https://s2.showstart.com/img/2019/20190601/e8f2075d178840d190cf719f16a69bed_800_510_50342.0x0.jpg?imageMogr2/thumbnail/640x/gravity/Center/crop/640x'></p><p><img title='/img/2019/20190601/e77c2e35817e4fcfbb6d77098c8e05b8_800_411_46125.0x0.jpg' style='' src='https://s2.showstart.com/img/2019/20190601/e77c2e35817e4fcfbb6d77098c8e05b8_800_411_46125.0x0.jpg?imageMogr2/thumbnail/640x/gravity/Center/crop/640x'></p><p><br></p><p><span style='font-size: 14px; font-family: 宋体, SimSun;'>针对上述纠结，不妨试试下述解决方案</span></p><p><span style='font-size: 14px; font-family: 宋体, SimSun;'>CD转录磁带，尽享模拟温暖。</span></p><p><span style='font-size: 14px; font-family: 宋体, SimSun;'>&nbsp;</span></p><p><span style='font-size: 14px; font-family: 宋体, SimSun;'>超级发烧讲堂，面对面讲授录音师之绝技，<br>如何把CD转为发烧级磁带。</span></p><p><span style='font-size: 14px; font-family: 宋体, SimSun;'>&nbsp;</span></p><p><span style='font-size: 14px; font-family: 宋体, SimSun;'><strong>课程要点</strong></span></p><p><span style='font-size: 14px; font-family: 宋体, SimSun;'>基础知识点</span></p><p><span style='font-size: 14px; font-family: 宋体, SimSun;'>频响、动态、电平之概念</span></p><p><span style='font-size: 14px; font-family: 宋体, SimSun;'>数字音频与模拟音频，电平换算</span></p><p><span style='font-size: 14px; font-family: 宋体, SimSun;'>磁带的工作电平与参考电平</span></p><p><span style='font-size: 14px; font-family: 宋体, SimSun;'>磁带的频响特性与失真界限</span></p><p><span style='font-size: 14px; font-family: 宋体, SimSun;'>&nbsp;</span></p><p><span style='font-size: 14px; font-family: 宋体, SimSun;'><strong>玩转器材</strong></span></p><p><span style='font-size: 14px; font-family: 宋体, SimSun;'>检查卡座走带速度</span></p><p><span style='font-size: 14px; font-family: 宋体, SimSun;'>检查卡座频响曲线</span></p><p><span style='font-size: 14px; font-family: 宋体, SimSun;'>卡座EQ定数</span></p><p><span style='font-size: 14px; font-family: 宋体, SimSun;'>一类、二类和四类磁带是什么情况</span></p><p><span style='font-size: 14px; font-family: 宋体, SimSun;'>快速检查评定二手卡座</span></p><p><span style='font-size: 14px; font-family: 宋体, SimSun;'>&nbsp;</span></p><p><span style='font-size: 14px; font-family: 宋体, SimSun;'><strong>实际操作</strong></span></p><p><span style='font-size: 14px; font-family: 宋体, SimSun;'>录音机的VU表怎样看</span></p><p><span style='font-size: 14px; font-family: 宋体, SimSun;'>怎样调整录音机的录音输入电平</span></p><p><span style='font-size: 14px; font-family: 宋体, SimSun;'>转录CD，怎样设定录音机录音输入电平</span></p><p><span style='font-size: 14px; font-family: 宋体, SimSun;'>如何调整偏磁</span></p><p><span style='font-size: 14px; font-family: 宋体, SimSun;'>转录CD实操示范</span></p><p><span style='font-size: 14px; font-family: 宋体, SimSun;'>&nbsp;</span></p><p><span style='font-size: 14px; font-family: 宋体, SimSun;'><strong>注：欢迎学员携卡座学习。课上可用学员卡座进行实操示范</strong></span></p><p><span style='font-size: 14px; font-family: 宋体, SimSun;'>&nbsp;</span></p><p><span style='font-size: 14px; font-family: 宋体, SimSun;'>授课时间：2019年6月9日 14:00～16:30</span></p><p><span style='font-size: 14px; font-family: 宋体, SimSun;'>授课地点：北京西城区冰窖口胡同<br>&nbsp;&nbsp;&nbsp;&nbsp;&nbsp;&nbsp;&nbsp;&nbsp;&nbsp;&nbsp;&nbsp;&nbsp;&nbsp;&nbsp;&nbsp;&nbsp;&nbsp; 德胜佳苑1-46号 福声唱片</span></p><p><span style='font-size: 14px; font-family: 宋体, SimSun;'>授课讲师：乔小兵（发烧大厨）</span></p><p><span style='font-size: 14px; font-family: 宋体, SimSun;'>提供教材：（学员免费）<br>光盘《CD to Cassette Tape &amp; Practice》</span></p><p><span style='font-size: 14px; font-family: 宋体, SimSun;'>《利用手机快速检测二手卡座》文件&nbsp;<br>&nbsp;&nbsp;&nbsp;&nbsp;&nbsp;&nbsp;&nbsp;&nbsp;&nbsp;&nbsp;</span></p><p><span style='font-size: 14px; font-family: 宋体, SimSun;'>学 &nbsp;&nbsp;&nbsp;费：1200 元 需提前报名</span></p><p><br></p><p><span style='font-size: 14px; font-family: 宋体, SimSun;'><strong>讲师简介</strong></span></p><p><span style='font-size: 14px; font-family: 宋体, SimSun;'>&nbsp;</span></p><p><span style='font-size: 14px; font-family: 宋体, SimSun;'>姓名：乔小兵（发烧大厨）</span></p><p><span style='font-size: 14px; font-family: 宋体, SimSun;'>出生：1955年出生于北京（白羊座）</span></p><p><span style='font-size: 14px; font-family: 宋体, SimSun;'><br></span></p><p><img title='/img/2019/20190601/6ce9aef670c3421eb77254bb7ed73eb5_1080_814_121147.0x0.jpg' style='' src='https://s2.showstart.com/img/2019/20190601/6ce9aef670c3421eb77254bb7ed73eb5_1080_814_121147.0x0.jpg?imageMogr2/thumbnail/640x/gravity/Center/crop/640x'></p><p><br><span style='font-size: 14px; font-family: 宋体, SimSun;'>◆自小学时期受家庭环境影响，爱好无线电与音响小制作。七十年代中期开始手工制作黑胶唱机、音箱和各类发烧音响器材。曾担任某音响工作室主设计师近20年。</span></p><p><span style='font-size: 14px; font-family: 宋体, SimSun;'>◆1970年代初开始，从事器乐演奏员及作曲工作。曾获北京市音乐比赛作曲创作二等奖。</span></p><p><span style='font-size: 14px; font-family: 宋体, SimSun;'>◆曾任北京国际音响大展组委会成员。</span></p><p><span style='font-size: 14px; font-family: 宋体, SimSun;'>◆北京国际音响大展【专家评定组】创办人。</span></p><p><span style='font-size: 14px; font-family: 宋体, SimSun;'>◆多年担任《高保真音响》杂志，栏目主持人和撰稿人。</span></p><p><span style='font-size: 14px; font-family: 宋体, SimSun;'>◆近年来研究实践'黑胶唱片数字化'等与黑胶唱片系统播放、欣赏相关项目。</span></p><p><span style='font-size: 14px; font-family: 宋体, SimSun;'>◆2011年以来，与美国MOMA公司合作建立【黑胶数字化实验室】并取得显著成果。2012年4月24日，《北京日报》就此项目曾做专题报道。</span></p><p><span style='font-size: 14px; font-family: 宋体, SimSun;'>◆2012年开始，师从著名同期录音大师、中国传媒大学李大康教授学习音乐录音专业。并在中国音乐学院、北京师范大学短期学习，成为自由录音师。</span></p><p><span style='font-size: 14px; font-family: 宋体, SimSun;'>◆2015年，受聘大连电视广播局，担任《视听总动员》节目主持人与特别制作人。</span></p><p><span style='font-size: 14px; font-family: 宋体, SimSun;'>◆2016年，受聘《高保真音响》杂志为专家组成员。</span></p><p><span style='font-size: 14px; font-family: 宋体, SimSun;'>&nbsp;</span></p><p><span style='font-size: 14px; font-family: 宋体, SimSun;'>主要承担业务：</span></p><p><span style='font-size: 14px; font-family: 宋体, SimSun;'>◆音响器材设计：曾承担设计百余款音箱和十余款黑胶唱机等音响器材。拥有三项国家专利。</span></p><p><span style='font-size: 14px; font-family: 宋体, SimSun;'>◆母带处理业务。现任某国家级文物音源修复机构母带工程师。并与多家唱片公司合作，担任开盘带、黑胶唱片和CD唱片的母带处理业务。</span></p><p><span style='font-size: 14px; font-family: 宋体, SimSun;'>◆黑胶唱片制作发行。曾任10余版（套）黑胶唱片的制作人和母带处理。</span></p><p><span style='font-size: 14px; font-family: 宋体, SimSun;'><br></span></p><p><img title='/img/2019/20190601/5300fde84f6741749b1394e50df319c1_1417_787_521013.0x0.jpg' alt='' src='https://s2.showstart.com/img/2019/20190601/5300fde84f6741749b1394e50df319c1_1417_787_521013.0x0.jpg?imageMogr2/thumbnail/640x/gravity/Center/crop/640x'></p><p><img title='/img/2019/20190601/41db9e5a5892427a9f2ed5bf0e8aecd2_4724_4627_553376.0x0.jpg' alt='' src='https://s2.showstart.com/img/2019/20190601/41db9e5a5892427a9f2ed5bf0e8aecd2_4724_4627_553376.0x0.jpg?imageMogr2/thumbnail/640x/gravity/Center/crop/640x'></p>"),
    (NULL," 午夜靡音馆：叶凡Danni & HAO付豪 & 杜星萤 & Nocturnes曳取 ONE THIRD X SMILEY派对 DAN TEPFER TRIO 独家 【狸猫音乐】学生专场VOL.2 ","images/shows/9f90c854a62f45c6a5706c1958322abc_600_799_261529.0x0.jpg","<p style='text-align: left;'><span style='font-family: 宋体, SimSun; font-size: 14px;'><strong>演出艺人：叶凡Danni,HAO付豪,杜星萤,Nocturnes曳取</strong></span></p><p style='text-align: left;'><span style='font-family: 宋体, SimSun; font-size: 14px;'><strong>演出场地：北京 MAO Livehouse</strong></span></p><p><br></p><p><br></p><p style='text-align: left;'><span style='font-family: 宋体, SimSun; font-size: 14px;'>听说，在2019年6月9号的这个周日，爱音乐的年轻人们都会来MAO&nbsp;Livehouse 北京参加「午夜靡音馆」派对。感受四种不同风格的迷幻色彩，随着节奏尽情舞蹈，你就是最靓的仔～</span></p><p style='text-align: left;'><span style='font-family: 宋体, SimSun; font-size: 14px;'>&nbsp;</span></p><p style='text-align: left;'><span style='font-family: 宋体, SimSun; font-size: 14px;'>如果你喜欢去Live&nbsp;House看独立音乐人的演出，或者闲暇时候喜欢打开你的音乐播放器，苦苦搜寻这两年最特立独行的独立音乐宝藏男孩女孩。那么你一定或多或少的，在那些让人惊喜的推荐歌单中，看到过这四组独立音乐人的名字。而6月9号这个特别的夜晚，这四组风格迥异却都具备充足迷幻色彩的独立音乐人，将首次联合呈现一场合作演出。</span></p><p style='text-align: left;'><span style='font-family: 宋体, SimSun; font-size: 14px;'>&nbsp;</span></p><p style='text-align: left;'><span style='font-family: 宋体, SimSun; font-size: 14px;'>音乐可以是一支麻醉剂，让你在Live&nbsp;House昏暗的灯光里忘却一切。不得不友情提示一下：这一次，你将接受一针四合一的强效麻醉，帮助你告别歌荒。看一场'靡靡之音'，远离焦虑烦恼。</span></p><p style='text-align: left;'><span style='font-family: 宋体, SimSun; font-size: 14px;'>&nbsp;</span></p><p style='text-align: left;'><span style='font-family: 宋体, SimSun; font-size: 14px;'>「午夜靡音馆」阵容由以下四组风格各异但都颇具'迷幻色彩'的音乐人组成。</span></p><p><br></p><p style='text-align: left;'><img src='https://s2.showstart.com/img/2019/20190517/ef837ca2119c4d0f9f83ae3cd8089af3_528_352_304335.0x0.jpg?imageMogr2/thumbnail/640x/gravity/Center/crop/640x' title='/img/2019/20190517/ef837ca2119c4d0f9f83ae3cd8089af3_528_352_304335.0x0.jpg' alt=''></p><p style='text-align: left;'><span style='font-family: 宋体, SimSun; font-size: 14px;'><br></span></p><p style='text-align: left;'><span style='font-family: 宋体, SimSun; font-size: 14px;'>叶凡Danni：一个据说星空泛舟的音乐人，心里住着月亮。当节奏布鲁斯、迷幻、独立流行、成人抒情…… 都有机的融合在他一个人的作品当中，就很难再将他定义成某一种单一的流派。但这就是叶凡！温暖有质感、极度的忧郁中又带给人希望。</span></p><p><br></p><p style='text-align: left;'><img src='https://s2.showstart.com/img/2019/20190517/8e527e8a0f6647b7a4afde27d0426cc8_528_351_261893.0x0.jpg?imageMogr2/thumbnail/640x/gravity/Center/crop/640x' title='/img/2019/20190517/8e527e8a0f6647b7a4afde27d0426cc8_528_351_261893.0x0.jpg' alt=''></p><p style='text-align: left;'><span style='font-family: 宋体, SimSun; font-size: 14px;'><br></span></p><p style='text-align: left;'><span style='font-family: 宋体, SimSun; font-size: 14px;'>HAO付豪：「复古迷幻系」独立音乐人，深受80年代欧美电子舞曲影响。2018年HAO与制作人崔赫陆续发表了专辑《复古与迷幻》中的先行作品，其中采用了大量复古合成器音色，配合他特有的中性迷幻声线，收获了许多资深音乐人及歌迷的好评。他的个人系列专场也使得尚雯婕在内等国内电子音乐先驱亲临现场观看。</span></p><p><br></p><p style='text-align: left;'><img src='https://s2.showstart.com/img/2019/20190517/c5ced3e66772415b9dc56deaab1a5bde_527_351_277251.0x0.jpg?imageMogr2/thumbnail/640x/gravity/Center/crop/640x' title='/img/2019/20190517/c5ced3e66772415b9dc56deaab1a5bde_527_351_277251.0x0.jpg' alt=''></p><p style='text-align: left;'><span style='font-family: 宋体, SimSun; font-size: 14px;'><br></span></p><p style='text-align: left;'><span style='font-family: 宋体, SimSun; font-size: 14px;'>杜星萤：Indie Pop唱作人，音乐人。有人说她的能量似点点星火，炙热迸发且不断生长。灵动跳跃的旋律线，天马行空的词句，别具一格的'超吸睛'舞台表现力，汇集成“听、观、感’’于一体的奇幻丛林。她的音乐从不拘泥于任何风格的呈现，「新鲜、刺激、不受拘束」是她音乐的内核。杜星萤称之为'异想派'的表达。她身上充满着'可能性' '未知性'，Miss Possibility是她的专属标记。</span></p><p><br></p><p style='text-align: left;'><img src='https://s2.showstart.com/img/2019/20190517/14c020d3b569417db81b01c9c64149fe_527_351_240464.0x0.jpg?imageMogr2/thumbnail/640x/gravity/Center/crop/640x' title='/img/2019/20190517/14c020d3b569417db81b01c9c64149fe_527_351_240464.0x0.jpg' alt=''></p><p style='text-align: left;'><span style='font-family: 宋体, SimSun; font-size: 14px;'><br></span></p><p style='text-align: left;'><span style='font-family: 宋体, SimSun; font-size: 14px;'>Nocturnes曳取：来自中国北京的独立电子乐队，有两名成员：萎度，主唱/作曲/作词；大卫，吉他/编曲/制作。他们的音乐动情迷人，氛围感和沉浸感极强，被乐迷认为兼顾了Foals的情怀力道，Bonobo的灵动迷幻，以及Coldplay的流行张力。</span></p><p><br></p><p style='text-align: left;'><img src='https://s2.showstart.com/img/2019/20190517/557b77514bf34de68a869b6f0c406bfe_1180_1664_1042535.0x0.jpg?imageMogr2/thumbnail/640x/gravity/Center/crop/640x' title='/img/2019/20190517/557b77514bf34de68a869b6f0c406bfe_1180_1664_1042535.0x0.jpg' alt=''></p><p><br></p><p style='text-align: left;'><br></p><p style='text-align: left;'><br></p><p style='margin-top:0;margin-right:0;margin-bottom:0;margin-left:0;text-indent:0;padding:0 0 0 0 ;text-autospace:ideograph-numeric;text-align:justify;text-justify:inter-ideograph;line-height:150%'><strong><span style='font-family: 宋体;line-height: 150%;letter-spacing: 0;font-size: 14px'><span style='font-family:宋体'>购票须知</span></span></strong></p><p style='margin-top:0;margin-right:0;margin-bottom:0;margin-left:0;text-indent:0;padding:0 0 0 0 ;text-autospace:ideograph-numeric;text-align:justify;text-justify:inter-ideograph;line-height:150%'><strong><span style='font-family: 宋体;line-height: 150%;letter-spacing: 0;font-size: 14px'>1.本场演出不支持退换票，如无法正常观看，还请自行处理，给您带来不便敬请谅解；</span></strong></p><p style='margin-top:0;margin-right:0;margin-bottom:0;margin-left:0;text-indent:0;padding:0 0 0 0 ;text-autospace:ideograph-numeric;text-align:justify;text-justify:inter-ideograph;line-height:150%'><strong><span style='font-family: 宋体;line-height: 150%;letter-spacing: 0;font-size: 14px'>2.本场演出凭电子票二维码核验入场，无实体票，场地内不设座位，均为站席观演；</span></strong></p><p style='margin-top:0;margin-right:0;margin-bottom:0;margin-left:0;text-indent:0;padding:0 0 0 0 ;text-autospace:ideograph-numeric;text-align:justify;text-justify:inter-ideograph;line-height:150%'><strong><span style='font-family: 宋体;line-height: 150%;letter-spacing: 0;font-size: 14px'>3.请勿发布任何形式的转票信息。</span></strong></p><p><br></p><p><br></p>"),
    (NULL," Christian Scott ONE THIRD X SMILEY派对 DAN TEPFER TRIO 独家 【狸猫音乐】学生专场VOL.2 ","images/shows/ee29d2cb61f74a1486ad0440559a7eba_600_800_114132.0x0.jpg","<p><span style='font-size: 14px; font-family: 宋体, SimSun;'>CHRISTIAN SCOTT ATUNDE ADJUAH</span></p><p><br></p><p><img src='https://s2.showstart.com/img/2019/20190515/86fb581e5c0b4da3a4bc3a3e58afb9f5_1125_450_367798.0x0.jpg?imageMogr2/thumbnail/640x/gravity/Center/crop/640x' title='/img/2019/20190515/86fb581e5c0b4da3a4bc3a3e58afb9f5_1125_450_367798.0x0.jpg' alt=''></p><p><br></p><p><span style='font-size: 14px; font-family: 宋体, SimSun;'>演出时间&amp;票价信息</span></p><p><span style='font-size: 14px; font-family: 宋体, SimSun;'>日期/Date：2019年6月8日（周六）</span></p><p><span style='font-size: 14px; font-family: 宋体, SimSun;'>第一场1st</span></p><p><span style='font-size: 14px; font-family: 宋体, SimSun;'>入场时间/Door Time：6:00 PM</span></p><p><span style='font-size: 14px; font-family: 宋体, SimSun;'>演出时间/Show Time：7:30PM</span></p><p><span style='font-size: 14px; font-family: 宋体, SimSun;'>B2剧场票价Ticket Price：</span></p><p><span style='font-size: 14px; font-family: 宋体, SimSun;'>200（吧座）/300（边座）/400（主座）RMB</span></p><p><span style='font-size: 14px; font-family: 宋体, SimSun;'>B1包厢价格Box Prices：</span></p><p><span style='font-size: 14px; font-family: 宋体, SimSun;'>5人包厢价格／5 person：3500RMB</span></p><p><span style='font-size: 14px; font-family: 宋体, SimSun;'>7人包厢价格／7 person：4900RMB</span></p><p><span style='font-size: 14px; font-family: 宋体, SimSun;'>8人包厢价格／8 person：5600RMB</span></p><p><span style='font-size: 14px; font-family: 宋体, SimSun;'>10人包厢价格／10 person：7000RMB</span></p><p><span style='font-size: 14px; font-family: 宋体, SimSun;'>包厢价格（同等人数主座门票＋人均300RMB消费）</span></p><p><span style='font-size: 14px; font-family: 宋体, SimSun;'>&nbsp;</span></p><p><span style='font-size: 14px; font-family: 宋体, SimSun;'>日期/Date：2019年6月9日（周六）</span></p><p><span style='font-size: 14px; font-family: 宋体, SimSun;'>第二场2nd</span></p><p><span style='font-size: 14px; font-family: 宋体, SimSun;'>入场时间/Door Time：9:30PM</span></p><p><span style='font-size: 14px; font-family: 宋体, SimSun;'>演出时间/Show Time：10:00PM</span></p><p><span style='font-size: 14px; font-family: 宋体, SimSun;'>B2剧场票价Ticket Price：</span></p><p><span style='font-size: 14px; font-family: 宋体, SimSun;'>160（吧座）/260（边座）/360（主座）RMB</span></p><p><span style='font-size: 14px; font-family: 宋体, SimSun;'>B1包厢价格Box Prices：</span></p><p><span style='font-size: 14px; font-family: 宋体, SimSun;'>5人包厢价格／5 person：3300RMB</span></p><p><span style='font-size: 14px; font-family: 宋体, SimSun;'>7人包厢价格／7 person：4620RMB</span></p><p><span style='font-size: 14px; font-family: 宋体, SimSun;'>8人包厢价格／8 person：5280RMB</span></p><p><span style='font-size: 14px; font-family: 宋体, SimSun;'>10人包厢价格／10 person：6600RMB</span></p><p><span style='font-size: 14px; font-family: 宋体, SimSun;'>包厢价格（同等人数主座门票＋人均300RMB消费）</span></p><p><span style='font-size: 14px; font-family: 宋体, SimSun;'>&nbsp;</span></p><p><span style='font-size: 14px; font-family: 宋体, SimSun;'>演出时间&amp;票价信息</span></p><p><span style='font-size: 14px; font-family: 宋体, SimSun;'>日期/Date：2019年6月9日（周日）</span></p><p><span style='font-size: 14px; font-family: 宋体, SimSun;'>入场时间/Door Time：5:00 PM</span></p><p><span style='font-size: 14px; font-family: 宋体, SimSun;'>演出时间/Show Time：6:30PM</span></p><p><span style='font-size: 14px; font-family: 宋体, SimSun;'>地址/Add：前门东大街23号 Blue Note Beijing</span></p><p><span style='font-size: 14px; font-family: 宋体, SimSun;'>23 Qianmen East Street. Dongcheng District. Beijing</span></p><p><span style='font-size: 14px; font-family: 宋体, SimSun;'>电话Tel：170-0000-0288</span></p><p><span style='font-size: 14px; font-family: 宋体, SimSun;'>B2剧场票价Ticket Price：</span></p><p><span style='font-size: 14px; font-family: 宋体, SimSun;'>200（吧座）/300（边座）/400（主座）RMB</span></p><p><span style='font-size: 14px; font-family: 宋体, SimSun;'>（餐饮低消：100RMB）&nbsp;</span></p><p><span style='font-size: 14px; font-family: 宋体, SimSun;'>B1包厢价格Box Prices：</span></p><p><span style='font-size: 14px; font-family: 宋体, SimSun;'>5人包厢价格／5 person：3500RMB</span></p><p><span style='font-size: 14px; font-family: 宋体, SimSun;'>7人包厢价格／7 person：4900RMB</span></p><p><span style='font-size: 14px; font-family: 宋体, SimSun;'>8人包厢价格／8 person：5600RMB</span></p><p><span style='font-size: 14px; font-family: 宋体, SimSun;'>10人包厢价格／10 person：7000RMB</span></p><p><span style='font-size: 14px; font-family: 宋体, SimSun;'>包厢价格（同等人数主座门票＋人均300RMB低消）</span></p><p><span style='font-size: 14px; font-family: 宋体, SimSun;'>&nbsp;</span></p><p><span style='font-size: 14px; font-family: 宋体, SimSun;'>&nbsp;</span></p><p><span style='font-size: 14px; font-family: 宋体, SimSun;'>Mercedes-Benz JAZZ MASTER SERIES</span></p><p><span style='font-size: 14px; font-family: 宋体, SimSun;'>梅赛德斯-奔驰特别呈现爵士大师堂系列</span></p><p><span style='font-size: 14px; font-family: 宋体, SimSun;'>&nbsp;</span></p><p><span style='font-size: 14px; font-family: 宋体, SimSun;'>乐队成员</span></p><p><span style='font-size: 14px; font-family: 宋体, SimSun;'>Christian Scott - trumpet</span></p><p><span style='font-size: 14px; font-family: 宋体, SimSun;'>Lawrence Fields - piano/keys</span></p><p><span style='font-size: 14px; font-family: 宋体, SimSun;'>Logan Richardson - sax</span></p><p><span style='font-size: 14px; font-family: 宋体, SimSun;'>Corey Fonville - drums&nbsp;</span></p><p><span style='font-size: 14px; font-family: 宋体, SimSun;'>Max Mucha - bass</span></p><p><span style='font-size: 14px; font-family: 宋体, SimSun;'>&nbsp;</span></p><p><span style='font-size: 14px; font-family: 宋体, SimSun;'>&nbsp;</span></p><p><span style='font-size: 14px; font-family: 宋体, SimSun;'>Christian Scott，也被称为Christian Scott aTunde Adjuah（1983年3月31日出生于新奥尔良市路易斯安那州），曾两次获得爱迪生奖和格莱美奖提名的小号手，作曲家和制片人。他是爵士创新者和传奇萨克斯Donald Harrison, Jr.的侄子。他十三岁时在叔叔的指导下开始了音乐生涯。在2001年从新奥尔良创意艺术中心（NOCCA）毕业后，Christian Scott获得了伯克利音乐学院的全额学费奖学金，并在之后获得了音乐和电影专业学位。</span></p><p><span style='font-size: 14px; font-family: 宋体, SimSun;'>&nbsp;</span></p><p><span style='font-size: 14px; font-family: 宋体, SimSun;'>Christian Scott, also known as Christian Scott aTunde Adjuah (born March 31, 1983, in New Orleans, Louisiana) is a two-time Edison Award winning and Grammy Award nominated trumpeter, composer and producer. He is the nephew of jazz innovator and legendary sax man, Donald Harrison, Jr. His musical tutelage began under the direction of his uncle at the age of thirteen. After graduating from the New Orleans Center for Creative Arts (NOCCA) in 2001, Christian received a full tuition scholarship to Berklee College of Music where he earned a degree in professional music and film scoring thirty months later.</span></p><p><span style='font-size: 14px; font-family: 宋体, SimSun;'>&nbsp;</span></p><p><span style='font-size: 14px; font-family: 宋体, SimSun;'>自2002年以来，Christian已经发行了11张备受好评的录音室专辑，两张现场专辑和一张最受欢迎合辑。据NPR称，'Christian Scott迎来了爵士乐的新时代'。他被JazzTimes杂志誉为'Jazz's young style God'。Christian以开发被称为'forecasting cell'的谐波惯例而闻名，并且在演奏中使用了无声的音调，强调了呼吸时的呼吸振动。这种技术被称为'whisper technique'。</span></p><p><span style='font-size: 14px; font-family: 宋体, SimSun;'>&nbsp;</span></p><p><span style='font-size: 14px; font-family: 宋体, SimSun;'>Since 2002, Christian has released eleven critically acclaimed studio recordings, two live albums and one greatest hits collection. According to NPR, 'Christian Scott ushers in new era of jazz'. He has been heralded by JazzTimes Magazine as 'Jazz's young style God.' Christian is known for developing the harmonic convention known as the 'forecasting cell' and for his use of an un-voiced tone in his playing, emphasizing breath over vibration at the mouthpiece. The technique is known as his 'whisper technique.'</span></p><p><span style='font-size: 14px; font-family: 宋体, SimSun;'>&nbsp;</span></p><p><span style='font-size: 14px; font-family: 宋体, SimSun;'>Christian是'Stretch Music'的鼻祖，这是一种扎根于爵士乐的特例音乐形式，它试图'伸展'爵士乐的节奏、旋律和和声传统，以包含尽可能多的其他音乐形式、语言和文化。爵士乐是一个进步的音乐运动，基督教是其作为一种艺术形式继续生存的前沿。2015年发行的专辑《Stretch Music》标志着Christian的Stretch Music唱片公司与Ropeadope唱片公司的合作。评论家和粉丝们都对这张专辑大加赞赏。《Stretch Music》也是第一个附带应用程序的唱片，Christian因此获得了著名的JazzFM年度创新者奖。Stretch Music App是一款互动音乐播放器，它允许音乐家通过定制播放器来满足他们的特定需求和目标，从而完全控制他们的练习、听力和学习体验。</span></p><p><span style='font-size: 14px; font-family: 宋体, SimSun;'>&nbsp;</span></p><p><span style='font-size: 14px; font-family: 宋体, SimSun;'>Christian is the progenitor of 'Stretch Music,' a jazz rooted, genre blind musical form that attempts to 'stretch' jazz’s rhythmic, melodic and harmonic conventions to encompass as many other musical forms, languages and cultures as possible. Jazz is a progressive musical movement and Christian is at the forefront of its continued viability as an art form. Christian’s 2015 release, Stretch Music, marked the partnership between Christian’s Stretch Music record label and Ropeadope Records. Critics and fans alike have praised the recording. Stretch Music is also the first recording to have an accompanying app, for which Christian won the prestigious JazzFM Innovator of the year Award in 2016. The Stretch Music App is an interactive music player that allows musicians the ability to completely control their practicing, listening and learning experience by customizing the player to fit their specific needs and goals.</span></p><p><span style='font-size: 14px; font-family: 宋体, SimSun;'>&nbsp;</span></p><p><span style='font-size: 14px; font-family: 宋体, SimSun;'>2017年，Christian发行了三张专辑，统称为《百年纪念三部曲》(Centennial Trilogy)。为了纪念1917年第一张爵士乐唱片问世100周年。</span></p><p><span style='font-size: 14px; font-family: 宋体, SimSun;'>该系列的核心是通过声音对世界社会政治现实进行冷静的重新评估。它讲述了一系列继续困扰人类集体经历的问题，例如美国通过监狱工业联合体的奴役、粮食不安全、仇外心理、移民、气候变化、性取向和性别不平等，法西斯主义以及煽动者的回归。</span></p><p><span style='font-size: 14px; font-family: 宋体, SimSun;'>&nbsp;</span></p><p><span style='font-size: 14px; font-family: 宋体, SimSun;'>In 2017, Christian released three albums, collectively titled The Centennial Trilogy, that debuted at number one on iTunes. The albums’ launch commemorated the 100th anniversary of the first Jazz recordings of 1917. The series is, at its core, a sobering re-evaluation of the social political realities of the world through sound. It speaks to a litany of issues that continue to plague the collective human experience, such as slavery in America via the Prison Industrial Complex, food insecurity, xenophobia, immigration, climate change, sexual orientation and gender inequality, fascism and the return of the demagogue.</span></p><p><span style='font-size: 14px; font-family: 宋体, SimSun;'>&nbsp;</span></p><p><span style='font-size: 14px; font-family: 宋体, SimSun;'>三部曲的第一章——&nbsp;Ruler Rebel，生动地描绘了Adjuah的新视觉与声音,他以西非音乐与新奥尔传统风格音乐来延伸trap music。这种全新的创作方法,&nbsp;前所未闻。Ruler Rebel发行于今年3月第一次举办的Stretch Music Festival之后，在Harlem Stage，由Adjuah创作。Stretch Music Festival旨在探索并发掘stretch, jazz, trap, 和alternative rock等正在这些音乐中正冉冉升起的新星。而在Diasopora&nbsp;（6月23日发行的）这章中，Adjuah探索了从新奥尔良、加勒比海音乐到北欧流行乐、前卫摇滚、日本传统音乐、非洲音乐等等风格。他被《爵士时代》杂志誉为作为'爵士界年轻风格的上帝'和 '一种新的商业上可行的融合'，他是Stretch Music的始祖，这是一种genre-blind音乐形式，它是将爵士乐的节奏、旋律和和声形式延伸到更多音乐烦人形式、语言、思维过程和文化的一种音乐表达。在2016年，他赢得了Jazz FM的年度创新奖，以及Down&nbsp;Beat的评论家们一起投票选择的新星作曲家奖及多个明星小号手荣誉。</span></p><p><span style='font-size: 14px; font-family: 宋体, SimSun;'>&nbsp;</span></p><p><span style='font-size: 14px; font-family: 宋体, SimSun;'>The first release in the trilogy, Ruler Rebel, vividly depicts Adjuah's new vision and sound - revealing Adjuah to the listener in a way never heard before via a completely new production methodology that stretches trap music with West African and New Orleanian Black Indian masking tradition musical styles. Ruler Rebel’s release coincided with the first annual Stretch Music Festival at Harlem Stage in New York. The Stretch Music Festival, created and curated by Christian, explores the boundaries of Stretch, Jazz, Trap, and Alternative Rock with some of music’s most poised and fiery rising stars. The sold-out performances were met with praise from both music critics and fans. The second release, Diaspora, was showcased during Adjuah’s sold-out Carnegie Hall performance in 2017. The third release, Emancipation Procrastination, launched in September 2017 during NPR’s global Jazz Night in America broadcast from New Orleans.</span></p><p><span style='font-size: 14px; font-family: 宋体, SimSun;'>&nbsp;</span></p><p><span style='font-size: 14px; font-family: 宋体, SimSun;'>注：换票时间始于入场时间前半小时，请各位观众安排好时间换票。</span></p>"),
    (NULL," 记忆之声 养鸡YoungG「KEEP IT G」巡演 北京站 独家 【狸猫音乐】学生专场VOL.2 日本 Jazz Hip-hop 艺术家 NOMAK 2019新专辑《Phenomenal Love》巡演 北京站 独家 BATTLE IN CITY 第三战 ","images/shows/b1e1a4fa3fad49e29396cd8a200d94d5_600_800_128012.0x0.jpg","<p><strong><span style='font-size: 14px; font-family: 宋体, SimSun;'>演出艺人：养鸡_YoungG</span></strong></p><p><strong><span style='font-size: 14px; font-family: 宋体, SimSun;'>演出场地：北京 糖果LIVE三层</span></strong></p><p><br></p><p><br></p><p><br></p><p><span style='font-size: 14px; font-family: 宋体, SimSun;'>由记忆之声主办的2019养鸡YoungG【KEEP IT G】全国巡演将于6月9日北京糖果开启首站，途径重庆、上海、武汉，于广州收官。创作鬼才、舞台王者养鸡YoungG将带着自己的匠心原创作品，开启新的音乐征途！</span></p><p><br></p><p><span style='font-size: 14px; font-family: 宋体, SimSun;'><strong>养鸡YoungG全国五城巡演开启，突破自我，定义G式电音</strong></span></p><p><span style='font-size: 14px; font-family: 宋体, SimSun;'>&nbsp; &nbsp; 养鸡YoungG，1991年2月6日出生于重庆市，中国内地'电子流行男歌手'。2017年，参加芒果TV选秀娱乐节目《快乐男声》比赛，最终获得全国总决赛亚军；同年12月，推出个人原创单曲《哈手HU$TLE》。2018年3月，参加爱奇艺综艺节目《热血街舞团》加入陈伟霆、宋茜战队；同年10月，养鸡YoungG发布首支Pop disco Funk情歌《Baby Girl》练习室舞蹈版MV。</span></p><p><br></p><p><span style='font-size: 14px; font-family: 宋体, SimSun;'>&nbsp; &nbsp; 本次养鸡YoungG的巡演主题，源于他的原创作品《Keep It G》，由他自己独立作词作曲，将电音、说唱、B-box、Keyboard、机械舞创造性地融合演绎，收获一致好评。KEEP IT G是养鸡YoungG的代名词，意思是保持原调，这也是养鸡YoungG想向大众传达的保持初心的意义。从今年6月开始，KEEP IT G将会伴随着他的每一站巡演，还会有'神秘嘉宾'到场助阵！这个夏天，就让我们和养鸡YoungG一起，突破重围，不被定义，保持原调，不变初心！</span></p><p><br></p><p><span style='font-size: 14px; font-family: 宋体, SimSun;'><strong>记忆之声力做极致音乐现场，革新演出市场</strong></span></p><p><span style='font-size: 14px; font-family: 宋体, SimSun;'>&nbsp; &nbsp; 本次养鸡YoungG的巡演，记忆之声为养鸡定制了'KEEP IT G'主题现场，从舞美、视觉、营销、现场氛围等多个方面打造一个沉浸式的极致live。在演出策划方面，以主题风格独树一帜、互动性强、粉丝参与度高为差异化优势的记忆之声，一直致力于做极致的音乐现场，过去一年，记忆之声为那些逐渐淡出我们耳线的实力派音乐人、用心创作的唱作人打造极致音乐现场，为观众重新带来属于他们的声音。同时，记忆之声也将运用科技手段，进行产业整合的尝试。记忆之声小程序即将面世，届时会将演出方、主办方、品牌方、场地方与用户进行整合，联动各艺人粉丝群体，打造一个基于演出行业的大数据服务平台，建立完善的记忆之声项目闭环生态。</span></p><p><br></p><p><img src='https://s2.showstart.com/img/2019/20190520/0da94174c8bf4e0189df90155c7551f1_1200_1600_1110864.0x0.jpg?imageMogr2/thumbnail/640x/gravity/Center/crop/640x' title='/img/2019/20190520/0da94174c8bf4e0189df90155c7551f1_1200_1600_1110864.0x0.jpg' alt=''></p><p><br></p><p><br></p><p><br></p><p><strong><span style='font-size: 14px; font-family: 宋体, SimSun;'>购票须知</span></strong></p><p><strong><span style='font-size: 14px; font-family: 宋体, SimSun;'>1.本场演出不支持退换票，如无法正常观看，还请自行处理，给您带来不便敬请谅解；</span></strong></p><p><strong><span style='font-size: 14px; font-family: 宋体, SimSun;'>2.本场演出凭电子票二维码核验入场，无实体票，场地内不设座位，均为站席观演；</span></strong></p><p><strong><span style='font-size: 14px; font-family: 宋体, SimSun;'>3.请勿发布任何形式的转票信息。</span></strong></p><p><br></p>"),
    (NULL," 独家 #免票# JOE'S CLUB 笑坊喜剧蘑菇之夜 ONE THIRD X SMILEY派对 DAN TEPFER TRIO 独家 【狸猫音乐】学生专场VOL.2 ","images/shows/d059bfcbda2b42f8996471dccc84d6ca_600_800_45843.0x0.jpg","<p><strong><span style='font-size: 14px; font-family: 宋体, SimSun;'>演出艺人：待定</span></strong></p><p><strong><span style='font-size: 14px; font-family: 宋体, SimSun;'>演出场地：北京 蘑菇空间.MoguSpace</span></strong></p><p><br></p><p><br></p><p><br></p><p><img title='/img/2019/20190416/8a825cb116ef4e7080b91097c3bf85a5_1836_2448_757384.0x0.jpg' alt='' src='https://s2.showstart.com/img/2019/20190416/8a825cb116ef4e7080b91097c3bf85a5_1836_2448_757384.0x0.jpg?imageMogr2/thumbnail/640x/gravity/Center/crop/640x'></p><p><br></p><p><span style='font-size: 14px; font-family: 宋体, SimSun;'>#免票# JOE'S CLUB 笑坊喜剧蘑菇之夜</span></p><p><br></p><p><span style='font-size: 14px; font-family: 宋体, SimSun;'>时间：每周一晚上 20:00-21:30<br>阵容：每次约6位演员，实际以现场为准<br>地址：西直门交大东路66号&lt;钻河中心&gt;2号楼底商102 物美往里50米</span></p><p><br></p><p><img title='/img/2019/20190416/20ae35326b62489aa072dd59fe15e1e6_640_419_261128.0x0.jpg' alt='' src='https://s2.showstart.com/img/2019/20190416/20ae35326b62489aa072dd59fe15e1e6_640_419_261128.0x0.jpg?imageMogr2/thumbnail/640x/gravity/Center/crop/640x'></p><p><br></p><p><span style='font-size: 14px; font-family: 宋体, SimSun;'>《笑坊Joe´s Club》是由著名主持人黄西创建的国内全新的脱口秀俱乐部，致力于打造高品质，密笑点无尿点深参与的中国喜剧。</span></p><p><br></p><p><img title='/img/2019/20190416/b23a54e622e7475a9801ce9a152681bd_2048_2048_741392.0x0.jpg' alt='' src='https://s2.showstart.com/img/2019/20190416/b23a54e622e7475a9801ce9a152681bd_2048_2048_741392.0x0.jpg?imageMogr2/thumbnail/640x/gravity/Center/crop/640x'></p><p><img title='/img/2019/20190416/1f7e9b0f2eec48dbba73b926a12100f2_2448_2448_651447.0x0.jpg' alt='' src='https://s2.showstart.com/img/2019/20190416/1f7e9b0f2eec48dbba73b926a12100f2_2448_2448_651447.0x0.jpg?imageMogr2/thumbnail/640x/gravity/Center/crop/640x'></p><p><img title='/img/2019/20190416/49d6ae5f7a784670a02f033e5f6dd596_3264_2448_703484.0x0.jpg' alt='' src='https://s2.showstart.com/img/2019/20190416/49d6ae5f7a784670a02f033e5f6dd596_3264_2448_703484.0x0.jpg?imageMogr2/thumbnail/640x/gravity/Center/crop/640x'></p><p><img title='/img/2019/20190416/8970bf7ef1c24b4b80b9f525239d4659_3024_4032_1262134.0x0.jpg' alt='' src='https://s2.showstart.com/img/2019/20190416/8970bf7ef1c24b4b80b9f525239d4659_3024_4032_1262134.0x0.jpg?imageMogr2/thumbnail/640x/gravity/Center/crop/640x'></p><p><img title='/img/2019/20190416/5e1c0cb63e9a4c449d043c4d087a4355_3264_2448_594979.0x0.jpg' alt='' src='https://s2.showstart.com/img/2019/20190416/5e1c0cb63e9a4c449d043c4d087a4355_3264_2448_594979.0x0.jpg?imageMogr2/thumbnail/640x/gravity/Center/crop/640x'></p><p><img title='/img/2019/20190416/7341100a3c974e9aa2eb164749422009_3264_2448_913310.0x0.jpg' alt='' src='https://s2.showstart.com/img/2019/20190416/7341100a3c974e9aa2eb164749422009_3264_2448_913310.0x0.jpg?imageMogr2/thumbnail/640x/gravity/Center/crop/640x'></p><p><br></p><p><span style='font-size: 14px; font-family: 宋体, SimSun;'>表演人员：每次约6-8名表演嘉宾，具体现场为准。</span></p><p><br></p><p><img title='/img/2019/20190416/3cabe5efb78c4fc582b00c3a7bf59487_2268_5650_2835856.0x0.jpg' alt='' src='https://s2.showstart.com/img/2019/20190416/3cabe5efb78c4fc582b00c3a7bf59487_2268_5650_2835856.0x0.jpg?imageMogr2/thumbnail/640x/gravity/Center/crop/640x'></p><p><br></p><p><span style='font-size: 14px; font-family: 宋体, SimSun;'>====================</span></p><p><span style='font-size: 14px; font-family: 宋体, SimSun;'>&lt;蘑菇空间.MoguSpace&gt;<br><br>做一株长在树下的蘑菇 ~~~~&nbsp;<br><br>蘑菇空间.moguspace是一家音乐主题的文艺活动空间。<br>空间内有迷你阁楼，咖啡，茶，啤酒，十二星座鸡尾酒等特饮。<br>经常举办音乐与放映活动，也有书法课，吉他课，西塔琴课等。<br>&nbsp;空间内出售国内独立唱片CD，黑胶等。也承接平面设计与书法题字。<br><br>蘑菇空间.moguspace位于西直门三线{2,4,13}地铁交汇处，凯德mall往北200米，<br>交大东路66号钻河中心底商，紧邻交通大学，门前是北护城河，春夏绿树成荫，青草遍地。<br>西直门交大东路66号&lt;钻河中心&gt;2号楼102 物美往里50米 电话：62249830<br><br>这里有最好听的独立音乐，最近距离的迷你现场。<br><br>蘑菇空间有专业的音乐演出与投影设备，有沙发，坐垫，椅子。活动可以容纳60-100人。<br>设备清单：orange吉他音箱，ashdown吉他，贝斯音箱，tama架子鼓与箱鼓，sm58，beta58麦克，yamaha键盘，调音台，shubert立式钢琴等。<br></span></p>"),
    (NULL," #免票# 每周二 | 蘑菇自由之声 ONE THIRD X SMILEY派对 DAN TEPFER TRIO 独家 【狸猫音乐】学生专场VOL.2 ","images/shows/bd771b87960b4e829cc62d27f348412b_600_800_56897.0x0.jpg","<p style='text-align: left;'><strong><span style='font-size: 14px; font-family: 宋体, SimSun;'>演出艺人：mystery,Kenja Time,虎啸春,月海搁浅 Stranding Imbrium</span></strong></p><p style='text-align: left;'><strong><span style='font-size: 14px; font-family: 宋体, SimSun;'>演出场地：北京&nbsp;蘑菇空间.MoguSpace</span></strong></p><p><br></p><p style='text-align: left;'><span style='font-size: 14px; font-family: 宋体, SimSun;'>#免票# 每周二 | 蘑菇自由之声</span></p><p><br></p><p style='text-align: left;'><img title='/img/2019/20190321/550f6b92bbb548d1abb57a423c33ca70_1836_2448_1114862.0x0.jpg' alt='' src='https://s2.showstart.com/img/2019/20190321/550f6b92bbb548d1abb57a423c33ca70_1836_2448_1114862.0x0.jpg?imageMogr2/thumbnail/640x/gravity/Center/crop/640x'></p><p><br></p><p style='text-align: left;'><span style='font-size: 14px; font-family: 宋体, SimSun;'>每周二晚蘑菇自由之声 ——'发现新声音'</span></p><p style='text-align: left;'><span style='font-size: 14px; font-family: 宋体, SimSun;'>寻找音乐更多的可能性</span></p><p><br></p><p style='text-align: left;'><span style='font-size: 14px; font-family: 宋体, SimSun;'>我们怀念纽约的CBGB...怀念北京的D22...</span></p><p style='text-align: left;'><span style='font-size: 14px; font-family: 宋体, SimSun;'>我们有一个开放的舞台，一些打破常规的灵魂<br></span></p><p style='text-align: left;'><span style='font-size: 14px; font-family: 宋体, SimSun;'>希望这里可以成为音乐的实验室，自由之声的摇篮<br>让冲破传统的动机在这儿融合和冲撞，碰撞出新声音<br></span></p><p style='text-align: left;'><span style='font-size: 14px; font-family: 宋体, SimSun;'>舞台就在那，来吧，欢迎加入我们</span></p><p><br></p><p style='text-align: left;'><span style='font-size: 14px; font-family: 宋体, SimSun;'>以下为不定期参演乐队/音乐人：</span></p><p><br></p><p style='text-align: left;'><img title='/img/2019/20190323/86e51b85f01c4e60894f2b8249f55dcc_1620_1080_78407.0x0.jpg' alt='' src='https://s2.showstart.com/img/2019/20190323/86e51b85f01c4e60894f2b8249f55dcc_1620_1080_78407.0x0.jpg?imageMogr2/thumbnail/640x/gravity/Center/crop/640x'></p><p style='text-align: left;'><span style='font-size: 14px; font-family: 宋体, SimSun;'><br></span></p><p style='text-align: left;'><span style='font-size: 14px; font-family: 宋体, SimSun;'>【Aoi Sho&nbsp;液态喵】</span></p><p style='text-align: left;'><span style='font-size: 14px; font-family: 宋体, SimSun;'>电子音乐卧室制作人 ,程序员，风格包含氛围，house，IDM等。</span></p><p style='text-align: left;'><span style='font-size: 14px; font-family: 宋体, SimSun;'>使用Ableton Live ，Vocaloid与OP-Z合成器，制作与声音强关联的audiovisual，VJ与视听装置作品。致力于通过声音与图像的联动营造前所未有的感官世界。不定期担任音画联觉课程tutor。</span></p><p style='text-align: left;'><span style='font-size: 14px; font-family: 宋体, SimSun;'>音乐与MV</span></p><p style='text-align: left;'><span style='font-size: 14px; font-family: 宋体, SimSun;'>裸儿-溺喜欢&nbsp; &nbsp;</span></p><p style='text-align: left;'><span style='font-size: 14px; font-family: 宋体, SimSun;'>VJ制作</span></p><p style='text-align: left;'><span style='font-size: 14px; font-family: 宋体, SimSun;'>https://www.bilibili.com/video/av37921459/</span></p><p style='text-align: left;'><span style='font-size: 14px; font-family: 宋体, SimSun;'>洛天依-无暇世界</span></p><p style='text-align: left;'><span style='font-size: 14px; font-family: 宋体, SimSun;'>词曲与PV</span></p><p style='text-align: left;'><span style='font-size: 14px; font-family: 宋体, SimSun;'>https://www.bilibili.com/video/av45040895/</span></p><p style='text-align: left;'><span style='font-size: 14px; font-family: 宋体, SimSun;'>多媒体作品</span></p><p style='text-align: left;'><span style='font-size: 14px; font-family: 宋体, SimSun;'>协奏coplay</span></p><p style='text-align: left;'><span style='font-size: 14px; font-family: 宋体, SimSun;'>https://www.bareconductive.com/news/coplay-interactive-sound-installation/?utm_source=Twitter&amp;utm_medium=coplay_interactive_sound_installation_social&amp;utm_campaign=coplay_interactive_sound_installation_tw</span></p><p style='text-align: left;'><img title='/img/2019/20190321/f0d92e05d60f465dace2d0164cbe6a93_404_404_31137.0x0.jpg' alt='' src='https://s2.showstart.com/img/2019/20190321/f0d92e05d60f465dace2d0164cbe6a93_404_404_31137.0x0.jpg?imageMogr2/thumbnail/640x/gravity/Center/crop/640x'></p><p style='text-align: left;'><span style='font-size: 14px; font-family: 宋体, SimSun;'><br></span></p><p style='text-align: left;'><span style='font-size: 14px; font-family: 宋体, SimSun;'>【Kenja Time乐队】</span></p><p style='text-align: left;'><span style='font-size: 14px; font-family: 宋体, SimSun;'>一支新生乐队。<br></span></p><p style='text-align: left;'><span style='font-size: 14px; font-family: 宋体, SimSun;'>当盲目而激烈的冲动消退，在自我怀疑中寻找价值，这就是贤者时间。一个18年夏天组建的后朋克新星。主要成员为二里沟搬砖工胡炮儿，vintage顽主小耿儿，鼓手Vivian。音乐风格深受Joy Division，Prinzhorn Dance School等影响。用神经质的隐喻，狡猾地策划一场游戏，为了满足我们幻想中的狂欢。</span></p><p><br></p><p style='text-align: left;'><img title='/img/2019/20190321/b140f1d5d4d84ca18741f5dc3a9682ea_4032_3024_3417773.0x0.jpg' alt='' src='https://s2.showstart.com/img/2019/20190321/b140f1d5d4d84ca18741f5dc3a9682ea_4032_3024_3417773.0x0.jpg?imageMogr2/thumbnail/640x/gravity/Center/crop/640x'></p><p style='text-align: left;'><span style='font-size: 14px; font-family: 宋体, SimSun;'><br></span></p><p style='text-align: left;'><span style='font-size: 14px; font-family: 宋体, SimSun;'>【mystery】</span></p><p style='text-align: left;'><span style='font-size: 14px; font-family: 宋体, SimSun;'>音乐人Mystery正如她的名字一样，神秘腼腆梦幻的风格让她的音乐犹如安静又充斥着水的迷离，仿佛浮躁社会中一个多情的声音，描绘着来往于内心的邪恶和神圣，却又不着一丝痕迹，如果运气足够好，也许会发现她出其不意的突然使用某种乐器-一切只等待着你的聆听。</span></p><p style='text-align: left;'><span style='font-size: 14px; font-family: 宋体, SimSun;'><br></span></p><p style='text-align: left;'><span style='font-size: 14px; font-family: 宋体, SimSun;'><br></span></p><p style='text-align: left;'><span style='font-size: 14px; font-family: 宋体, SimSun;'>【月海搁浅 Stranding Imbrium】<br>一个虚构的无头无尾的故事，没有洋流与飓风，没有争论不休，在没有空气介质的地方，自然也不会留下任何残响。组建于没有故事的公元8102年末，是一个每天都有大事发生，却又看起来没什么区别的残酷时代。这些泡在Math，Post-rock，Shoegaze中游离不定，走投无路，却又试图挣脱些什么的生物体，妄图在真空的迷途中点火，在清醒与醉梦之间找到所谓的平衡。<br>Drum：董特 <br>Bass：陆旭凌弘 <br>Guitar：李屹，YU</span></p><p><br></p><p style='text-align: left;'><img title='/img/2019/20190321/0ec687783b84436e9086a70783afc9b0_1916_1080_133943.0x0.jpg' alt='' src='https://s2.showstart.com/img/2019/20190321/0ec687783b84436e9086a70783afc9b0_1916_1080_133943.0x0.jpg?imageMogr2/thumbnail/640x/gravity/Center/crop/640x'></p><p style='text-align: left;'><span style='font-size: 14px; font-family: 宋体, SimSun;'><br></span></p><p style='text-align: left;'><span style='font-size: 14px; font-family: 宋体, SimSun;'>【虎啸春】</span></p><p style='text-align: left;'><span style='font-size: 14px; font-family: 宋体, SimSun;'>成员分别来自大地的脊梁西北和黄河以东的中原 阴差阳错的聚在了北平 这是一个90年代尾巴上的乐队 我们活在了一个快速发展的时期 快到让我们变的麻木 通往一个街口的人群就像荒原里的长草被空调风洗脑 而我们只保留自己的想法 所以 indie rock 就是流淌在我们身上红蓝色的血液 热烈而又理智 矛盾而又清醒 <br><br></span></p><p style='text-align: left;'><img title='/img/2019/20190321/2c25d17f9496437c91c39eedee4e8eee_3264_2448_1882619.0x0.jpg' alt='' src='https://s2.showstart.com/img/2019/20190321/2c25d17f9496437c91c39eedee4e8eee_3264_2448_1882619.0x0.jpg?imageMogr2/thumbnail/640x/gravity/Center/crop/640x'></p><p style='text-align: left;'><br></p><p style='text-align: left;'><br></p><p style='text-align: left;'><br></p><p style='margin-top:0;margin-right:0;margin-bottom:0;margin-left:0;text-indent:0;padding:0 0 0 0 ;text-autospace:ideograph-numeric;text-align:justify;text-justify:inter-ideograph;line-height:150%'><strong><span style='font-family: 宋体;line-height: 150%;letter-spacing: 0;font-size: 14px'><span style='font-family:宋体'>购票须知</span></span></strong></p><p style='margin-top:0;margin-right:0;margin-bottom:0;margin-left:0;text-indent:0;padding:0 0 0 0 ;text-autospace:ideograph-numeric;text-align:justify;text-justify:inter-ideograph;line-height:150%'><strong><span style='font-family: 宋体;line-height: 150%;letter-spacing: 0;font-size: 14px'>1.本场演出不支持退换票，如无法正常观看，还请自行处理，给您带来不便敬请谅解；</span></strong></p><p style='margin-top:0;margin-right:0;margin-bottom:0;margin-left:0;text-indent:0;padding:0 0 0 0 ;text-autospace:ideograph-numeric;text-align:justify;text-justify:inter-ideograph;line-height:150%'><strong><span style='font-family: 宋体;line-height: 150%;letter-spacing: 0;font-size: 14px'>2.本场演出凭电子票二维码核验入场，无实体票；</span></strong></p><p style='margin-top:0;margin-right:0;margin-bottom:0;margin-left:0;text-indent:0;padding:0 0 0 0 ;text-autospace:ideograph-numeric;text-align:justify;text-justify:inter-ideograph;line-height:150%'><strong><span style='font-family: 宋体;line-height: 150%;letter-spacing: 0;font-size: 14px'>3.秀动网严禁发布任何形式的转票、求票及个人联系信息，秀动网有权取消违规者订单、留言（情节严重的将进行禁言直至账户冻结处罚）。</span></strong></p><p><br></p>"),
    (NULL," 独家 #免票# XIAN PROJECT VOL.19 '夏日！闪XIAN' ONE THIRD X SMILEY派对 DAN TEPFER TRIO 独家 【狸猫音乐】学生专场VOL.2 ","images/shows/40764bad5e5544b4ba2875f1d7dc7aa0_600_800_116015.0x0.jpg","<p><span style='font-family: 宋体, SimSun; font-size: 14px;'><br></span></p><p><span style='font-family: 宋体, SimSun; font-size: 14px;'><br></span></p><p><span style='font-family: 宋体, SimSun; font-size: 14px;'>接连的高温真正迎来了北京2019的夏天，干燥的热风搭配香甜的冰淇淋和冰爽的饮料，无疑是度过这个夏天最为舒服的方式。而这一切，在疆进酒OMNI SPACE都能够满足你。夏天的风把&nbsp;原创之风&nbsp;吹到了XIAN乐计划现场，<strong><span style='font-family: 宋体, SimSun; color: rgb(227, 108, 9);'>雷锋帽</span></strong>、<strong><span style='font-family: 宋体, SimSun; color: rgb(227, 108, 9);'>Happy birdy</span></strong>以及嘉宾<strong><span style='font-family: 宋体, SimSun; color: rgb(227, 108, 9);'>范忆堂</span></strong>将闪现疆进酒，与大家一起来一场畅快淋漓的夏日狂欢!</span></p><p><span style='font-family: 宋体, SimSun; font-size: 14px;'>&nbsp;</span></p><p><span style='font-family: 宋体, SimSun; font-size: 14px;'>如何形容他们的音乐？怪怪的、有趣、可爱、想跳舞…&nbsp;这些词汇都不足以完整的阐述他们的独特。只有亲临现场，才能更好的沉浸于音乐中，随着音符舞动。</span></p><p><span style='font-family: 宋体, SimSun; font-size: 14px;'>&nbsp;</span></p><p><span style='font-family: 宋体, SimSun; font-size: 14px;'>6月12日，疆进酒OMNI SPACE就是动感的舞厅，夏日酷爽的冰淇淋这儿都有！三位原创音乐人将尽情挥洒他们身上闪闪的能量，一起融化在夏日里！</span></p><p><span style='font-family: 宋体, SimSun; font-size: 14px;'><br></span></p><p><img src='https://s2.showstart.com/img/2019/20190524/c1012163a0a2410e904d5cba6c53f063_1200_1600_679460.0x0.jpg?imageMogr2/thumbnail/640x/gravity/Center/crop/640x' title='/img/2019/20190524/c1012163a0a2410e904d5cba6c53f063_1200_1600_679460.0x0.jpg' alt=''></p><p><br></p><p><span style='font-family: 宋体, SimSun; font-size: 14px;'>XIAN PROJECT Vol.19&nbsp; &nbsp;&nbsp;</span></p><p><br></p><p><span style='font-family: 宋体, SimSun; font-size: 14px;'>日期 | 2019年6月12日</span></p><p><span style='font-family: 宋体, SimSun; font-size: 14px;'>时间 | 20:00&nbsp;</span></p><p><span style='font-family: 宋体, SimSun; font-size: 14px;'>艺人 | 雷锋帽、Happy birdy、范忆堂（嘉宾）</span></p><p><span style='font-family: 宋体, SimSun; font-size: 14px;'>票价 |&nbsp;免费</span></p><p><span style='font-family: 宋体, SimSun; font-size: 14px;'>地点 | 疆进酒 · OMNI SPACE</span></p><p><span style='font-family: 宋体, SimSun; font-size: 14px;'>地址 | 北京市西城区天桥南大街9号楼天桥艺术中心B-103</span></p><p><br></p><p><span style='font-family: 宋体, SimSun; font-size: 14px;'><strong><span style='font-family: 宋体, SimSun; font-size: 14px; color: rgb(227, 108, 9);'>雷锋帽</span></strong><strong><span style='font-family: 宋体, SimSun; font-size: 14px; color: rgb(227, 108, 9);'></span></strong></span></p><p><span style='font-family: 宋体, SimSun; font-size: 14px;'>@噼里啪啦雷闪闪</span></p><p><span style='font-family: 宋体, SimSun; font-size: 14px;'>&nbsp;▼</span></p><p><img src='https://s2.showstart.com/img/2019/20190524/0f40db9f627a4ebd99d21b1fb52230be_2638_1980_1099216.0x0.jpg?imageMogr2/thumbnail/640x/gravity/Center/crop/640x' title='/img/2019/20190524/0f40db9f627a4ebd99d21b1fb52230be_2638_1980_1099216.0x0.jpg' alt=''></p><p><br></p><p><span style='font-family: 宋体, SimSun; font-size: 14px;'>21岁，在读大三，应该也不会年轻太久。高中毕业之后，因为觉得很难找到自己喜欢听的歌所以开始决定写歌给自己听。'哎，没有歌听的时候能给自己写歌，想唱卡拉OK的时候就去办办演出，真爽啊'</span></p><p><br></p><p><span style='font-family: 宋体, SimSun; font-size: 14px;'>不会弹吉他，键盘也弹不好，写歌的时候只有一台电脑和一个话筒。讨厌自我介绍，因为他说任何所谓的'描述'都是在给自己贴标签，这句话同样适用于以上这一整段话。</span></p><p><br></p><p><span style='font-family: 宋体, SimSun; font-size: 14px;'>主要作品 |</span></p><p><span style='font-family: 宋体, SimSun; font-size: 14px;'>EP《电梯操纵员：飞弹舞厅》</span></p><p><span style='font-family: 宋体, SimSun; font-size: 14px;'>单曲《春游》《左边》《见信好》《红色地狗》等</span></p><p><br></p><p><br></p><p><span style='font-family: 宋体, SimSun; font-size: 14px;'><strong><span style='font-family: 宋体, SimSun; font-size: 14px; color: rgb(227, 108, 9);'>Happybirdy</span></strong><strong><span style='font-family: 宋体, SimSun; font-size: 14px; color: rgb(227, 108, 9);'></span></strong></span></p><p><span style='font-family: 宋体, SimSun; font-size: 14px;'>@HappyBirdy_羽乐团</span></p><p><span style='font-family: 宋体, SimSun; font-size: 14px;'>&nbsp;▼</span></p><p><span style='font-family: 宋体, SimSun; font-size: 14px;'><img src='https://s2.showstart.com/img/2019/20190524/364da07e9ee4492683fe05244dfed415_271_271_18940.0x0.jpg?imageMogr2/thumbnail/640x/gravity/Center/crop/640x' title='/img/2019/20190524/364da07e9ee4492683fe05244dfed415_271_271_18940.0x0.jpg' alt=''></span></p><p><span style='font-family: 宋体, SimSun; font-size: 14px;'><br></span></p><p><span style='font-family: 宋体, SimSun; font-size: 14px;'>乐团成立于2017年5月，概念来源于启动繁忙城市里被遗忘的单纯快乐，用大量电子舞曲的元素，清新直白的语言表达，给麻木的生活插上翅膀，将精神送往甜蜜星球。</span></p><p><br></p><p><span style='font-family: 宋体, SimSun; font-size: 14px;'>成员 |</span></p><p><span style='font-family: 宋体, SimSun; font-size: 14px;'>大猴仔：团魂，制作人，开朗的射手座，包揽作曲、编曲、歌词以及乐团文案创意。</span></p><p><span style='font-family: 宋体, SimSun; font-size: 14px;'>陈冬妮：声部之一，爱工作的摩羯座，包揽乐团的演唱及部分歌词，可以发出 5 种不同的声音。</span></p><p><span style='font-family: 宋体, SimSun; font-size: 14px;'>淼淼：声部之二，孩子气的狮子座，包揽乐团各大细节工作以及拉低平均年龄值，可以 solo唱很酷酷的歌呢。</span></p><p><span style='font-family: 宋体, SimSun; font-size: 14px;'>阿旭：灵魂画师，乐团所有形象输出，死肥宅，拥有猫一只。</span></p><p><span style='font-family: 宋体, SimSun; font-size: 14px;'>Birdy：居住在神秘次元，操控乐团的一切 ⋯⋯</span></p><p><span style='font-family: 宋体, SimSun; font-size: 14px;'><br></span></p><p><img src='https://s2.showstart.com/img/2019/20190524/8dd4c55e382d4c8185fb461f134e9cd8_267_401_24554.0x0.jpg?imageMogr2/thumbnail/640x/gravity/Center/crop/640x' title='/img/2019/20190524/8dd4c55e382d4c8185fb461f134e9cd8_267_401_24554.0x0.jpg' alt=''></p><p><span style='font-family: 宋体, SimSun; font-size: 14px;'><br></span></p><p><span style='font-family: 宋体, SimSun; font-size: 14px;'>作品 |</span></p><p><span style='font-family: 宋体, SimSun; font-size: 14px;'>Happy Birdy 每张作品都以其神秘次元少女 birdy 为主要视觉，与乐团'萌系电音'的跳跃风格形成高度统一。</span></p><p><br></p><p><span style='font-family: 宋体, SimSun; font-size: 14px;'>演出经历 |</span></p><p><span style='font-family: 宋体, SimSun; font-size: 14px;'>2018.07 凤凰汇 Hellosummer 夏日音乐节</span></p><p><span style='font-family: 宋体, SimSun; font-size: 14px;'>2018.09 福气 live 学音乐的孩子专场演出</span></p><p><span style='font-family: 宋体, SimSun; font-size: 14px;'>2019.01 北京跨年演出</span></p><p><span style='font-family: 宋体, SimSun; font-size: 14px;'>2019.01 参与灿星 x 优酷联合出品的《这!就是原创》的录制</span></p><p><img src='https://s2.showstart.com/img/2019/20190524/b0344326ac684b66b45a62fc553c23bd_773_438_72001.0x0.jpg?imageMogr2/thumbnail/640x/gravity/Center/crop/640x' title='/img/2019/20190524/b0344326ac684b66b45a62fc553c23bd_773_438_72001.0x0.jpg' alt=''></p><p><br></p><p><br></p><p><span style='font-family: 宋体, SimSun; font-size: 14px;'><strong><span style='font-family: 宋体, SimSun; font-size: 14px; color: rgb(227, 108, 9);'>嘉宾：范忆堂</span></strong></span></p><p><span style='font-family: 宋体, SimSun; font-size: 14px;'>@范憶堂</span></p><p><span style='font-family: 宋体, SimSun; font-size: 14px;'>&nbsp;▼</span></p><p><span style='font-family: 宋体, SimSun; font-size: 14px;'><img src='https://s2.showstart.com/img/2019/20190524/67dea1c009d64990ad184dbc5a18bf45_565_372_62300.0x0.jpg?imageMogr2/thumbnail/640x/gravity/Center/crop/640x' title='/img/2019/20190524/67dea1c009d64990ad184dbc5a18bf45_565_372_62300.0x0.jpg' alt=''></span></p><p><span style='font-family: 宋体, SimSun; font-size: 14px;'><br></span></p><p><span style='font-family: 宋体, SimSun; font-size: 14px;'>范忆堂（E&nbsp;Tang），青年艺术家，音乐人，舞台剧导演。</span></p><p><span style='font-family: 宋体, SimSun; font-size: 14px;'>毕业于中央音乐学院，以'微观历史'的文学概念做出个人风格。</span></p><p><span style='font-family: 宋体, SimSun; font-size: 14px;'>创建了第一个扬琴和巴扬手风琴组成的乐团'鸟和树'，夺得2012CCTV民族器乐电视大赛非传统组合金奖。</span></p><p><span style='font-family: 宋体, SimSun; font-size: 14px;'>2014年发行首张EP《出色》，同名MV全纸艺布景，以古典姿态登顶主流榜单。凭歌曲《出色》、《性别》先后入围第15届华语音乐传媒大奖最佳编曲，第17届华语传媒大奖年度最佳单曲和最佳作词两项提名。</span></p><p><span style='font-family: 宋体, SimSun; font-size: 14px;'>2016年单曲《王子与河童》获得'全球原创音乐T榜'第八期冠军，年度金曲季军及最佳编曲奖。</span></p><p><span style='font-family: 宋体, SimSun; font-size: 14px;'>范忆堂擅于融合，打破传统音乐界限，亦为不同门类的艺术融合做出努力。</span></p><p><span style='font-family: 宋体, SimSun; font-size: 14px;'>&nbsp;&nbsp;</span></p><p><span style='font-family: 宋体, SimSun; font-size: 14px;'>早年经历 |</span></p><p><span style='font-family: 宋体, SimSun; font-size: 14px;'>范忆堂3岁入门西方古典音乐，9岁学习民族音乐，11岁担任室内乐与电子乐队乐手，15岁学习作曲。自幼受父母及东西方音乐熏陶，通晓钢琴、扬琴、筝、长笛等乐器。1999年以第一名成绩考入四川音乐学院附中，2005年被中央音乐学院录取，期间师承音乐家黄河、王英、陈富民等人。</span></p><p><span style='font-family: 宋体, SimSun; font-size: 14px;'>&nbsp;</span></p><p><span style='font-family: 宋体, SimSun; font-size: 14px;'>音乐经历 |</span></p><p><span style='font-family: 宋体, SimSun; font-size: 14px;'>· 2006年，在中央音乐学院创建第一个扬琴和巴扬手风琴组成的乐团'鸟和树'，与几位青年演奏家组成'探戈乐团'，代表学院演出。</span></p><p><span style='font-family: 宋体, SimSun; font-size: 14px;'>· 2009年，因作品《爵士牡丹亭》融合昆曲而受到业内关注。</span></p><p><span style='font-family: 宋体, SimSun; font-size: 14px;'>· 2012年以组合'鸟和树'及作品《成都印象》在CCTV民族器乐电视大赛夺得非传统组合金奖，两年间在十三座城市举办音乐专场。</span></p><p><span style='font-family: 宋体, SimSun; font-size: 14px;'>· 2014年发行首张EP《出色》，试图在学术与大众边界做一扇'门'，以浅显表象渗透内敛之力，出于本意但能够被接受。</span></p><p><span style='font-family: 宋体, SimSun; font-size: 14px;'>· 2015年单曲《性别》与中国国家交响乐团、上海交响乐团及爵士演奏家合作，歌曲在'中国新歌声'、'明日之子'节目被选手翻唱而广受好评。</span></p><p><span style='font-family: 宋体, SimSun; font-size: 14px;'>· 2018年邀日本当红乐队Lucky Tapes主唱Kai Takahashi为单曲《天生一个》编曲，以时髦的city-pop风格探讨原生家庭关系。</span></p><p><span style='font-family: 宋体, SimSun; font-size: 14px;'><br></span></p><p><span style='font-family: 宋体, SimSun; font-size: 14px;'><br></span></p><p><span style='font-family: 宋体, SimSun; font-size: 14px;'><br></span></p><p><span style='font-family: 宋体, SimSun; font-size: 14px;'>XIAN乐计划 &nbsp;持续报名中！<br></span></p><p><br></p><p><span style='font-family: 宋体, SimSun; font-size: 14px;'>① 发邮件到：</span></p><p><span style='font-family: 宋体, SimSun; font-size: 14px;'>forestyee@qq.com</span></p><p><br></p><p><span style='font-family: 宋体, SimSun; font-size: 14px;'>② 在邮件标题上写明：</span></p><p><span style='font-family: 宋体, SimSun; font-size: 14px;'>XIAN乐计划——乐队/艺人名</span></p><p><br></p><p><span style='font-family: 宋体, SimSun; font-size: 14px;'>③ 邮件正文中留下：</span></p><p><span style='font-family: 宋体, SimSun; font-size: 14px;'>a. 乐队/艺人名称：</span></p><p><span style='font-family: 宋体, SimSun; font-size: 14px;'>b. 简介（200字以内）：</span></p><p><span style='font-family: 宋体, SimSun; font-size: 14px;'>c. 乐队/艺人在线资料（例如豆瓣小站、虾米主页等） 音频试听地址：</span></p><p><span style='font-family: 宋体, SimSun; font-size: 14px;'>d. 演出或MV视频观看地址</span></p><p><span style='font-family: 宋体, SimSun; font-size: 14px;'>e. 联系方式（请至少留下一个常用电话）</span></p><p><br></p><p><span style='font-family: 宋体, SimSun; font-size: 14px;'>④ 在附件中附上三张左右的乐队照片，两首左右的乐队作品试听。（如有在线试听链接则不需发送）</span></p><p><br></p>"),
    (NULL," 日本 Jazz Hip-hop 艺术家 NOMAK 2019新专辑《Phenomenal Love》巡演 北京站 独家 【狸猫音乐】学生专场VOL.2 记忆之声 养鸡YoungG「KEEP IT G」巡演 北京站 独家 BATTLE IN CITY 第三战 ","images/shows/87af1f47b640460eaa3e0f546df5314e_600_800_143992.0x0.jpg","<p class='rich_media_title' id='activity-name' style='margin: 0px 0px 14px; padding: 0px; font-weight: 400; font-size: 22px; line-height: 1.4; color: rgb(51, 51, 51); font-family: -apple-system-font, BlinkMacSystemFont, &quot;Helvetica Neue&quot;, &quot;PingFang SC&quot;, &quot;Hiragino Sans GB&quot;, &quot;Microsoft YaHei UI&quot;, &quot;Microsoft YaHei&quot;, Arial, sans-serif; font-variant-numeric: normal; font-variant-east-asian: normal; letter-spacing: 0.544px; white-space: normal; widows: 1; background-color: rgb(255, 255, 255); text-align: left;'><strong><span style='font-size: 14px; font-family: 宋体, SimSun;'>演出艺人：NOMAK,Kaoru Suzuki,Paulie Rhyme</span></strong></p><p class='rich_media_title' id='activity-name' style='margin: 0px 0px 14px; padding: 0px; font-weight: 400; font-size: 22px; line-height: 1.4; color: rgb(51, 51, 51); font-family: -apple-system-font, BlinkMacSystemFont, &quot;Helvetica Neue&quot;, &quot;PingFang SC&quot;, &quot;Hiragino Sans GB&quot;, &quot;Microsoft YaHei UI&quot;, &quot;Microsoft YaHei&quot;, Arial, sans-serif; font-variant-numeric: normal; font-variant-east-asian: normal; letter-spacing: 0.544px; white-space: normal; widows: 1; background-color: rgb(255, 255, 255); text-align: left;'><strong><span style='font-size: 14px; font-family: 宋体, SimSun;'>演出场地：MAO Livehouse北京五棵松</span></strong></p><p class='rich_media_title' id='activity-name' style='margin: 0px 0px 14px; padding: 0px; font-weight: 400; font-size: 22px; line-height: 1.4; color: rgb(51, 51, 51); font-family: -apple-system-font, BlinkMacSystemFont, &quot;Helvetica Neue&quot;, &quot;PingFang SC&quot;, &quot;Hiragino Sans GB&quot;, &quot;Microsoft YaHei UI&quot;, &quot;Microsoft YaHei&quot;, Arial, sans-serif; font-variant-numeric: normal; font-variant-east-asian: normal; letter-spacing: 0.544px; white-space: normal; widows: 1; background-color: rgb(255, 255, 255); text-align: left;'><span style='font-size: 14px; font-family: 宋体, SimSun;'><br></span></p><p class='rich_media_title' id='activity-name' style='margin: 0px 0px 14px; padding: 0px; font-weight: 400; font-size: 22px; line-height: 1.4; color: rgb(51, 51, 51); font-family: -apple-system-font, BlinkMacSystemFont, &quot;Helvetica Neue&quot;, &quot;PingFang SC&quot;, &quot;Hiragino Sans GB&quot;, &quot;Microsoft YaHei UI&quot;, &quot;Microsoft YaHei&quot;, Arial, sans-serif; font-variant-numeric: normal; font-variant-east-asian: normal; letter-spacing: 0.544px; white-space: normal; widows: 1; background-color: rgb(255, 255, 255); text-align: left;'><span style='font-size: 14px; font-family: 宋体, SimSun;'>【SETI呈现】</span></p><p style='text-align: left;'><span style='font-size: 14px; font-family: 宋体, SimSun;'>日本 Jazz Hip-hop 艺术家&nbsp;NOMAK 2019新专辑《Phenomenal Love》巡演</span></p><p><br></p><p style='text-align: left;'><img src='https://s2.showstart.com/img/2019/20190319/a428c78762864e7fb3a2e0f3648dad1b_6614_9921_4724929.0x0.jpg?imageMogr2/thumbnail/640x/gravity/Center/crop/640x' title='/img/2019/20190319/a428c78762864e7fb3a2e0f3648dad1b_6614_9921_4724929.0x0.jpg' alt=''></p><p style='text-align: left;'><span style='font-size: 14px; font-family: 宋体, SimSun;'><br></span></p><p style='text-align: left;'><span style='font-size: 14px; font-family: 宋体, SimSun;'>NOMAK 与雅俗共赏&nbsp;<br></span></p><p><br></p><p style='text-align: left;'><span style='font-size: 14px; font-family: 宋体, SimSun;'>Q：何为'雅'？</span></p><p style='text-align: left;'><span style='font-size: 14px; font-family: 宋体, SimSun;'>A：凡文人雅士皆有极高的审美力，闲情逸致之下来一段爵士乐，这就是大雅之表象。浪漫情人节的夜晚，摇晃着红酒杯，来一首荷兰天后Laura Fygi的《Blue Moon》，好一个春心荡漾的不眠之夜。</span></p><p style='text-align: left;'><span style='font-size: 14px; font-family: 宋体, SimSun;'>&nbsp;</span></p><p style='text-align: left;'><span style='font-size: 14px; font-family: 宋体, SimSun;'>Q：何为'俗'？</span></p><p style='text-align: left;'><span style='font-size: 14px; font-family: 宋体, SimSun;'>A：指的可不是'低俗'，而是咱平头百姓也欣赏得来、那些潮流的东西，嘻哈便是一种'俗'乐。它真的太火了，火到山旮旯也知道红花会的名字，全民高呼'我要给你买条gai'。</span></p><p style='text-align: left;'><span style='font-size: 14px; font-family: 宋体, SimSun;'>&nbsp;</span></p><p style='text-align: left;'><span style='font-size: 14px; font-family: 宋体, SimSun;'>Q：那么，如何做到'雅俗共赏'？</span></p><p style='text-align: left;'><span style='font-size: 14px; font-family: 宋体, SimSun;'>A：雅和俗看似是对立面，但Jazz Hip-hop偏偏就不走寻常路，将看似互斥的两种曲风结合起来的奇妙试听，当今也只有日本巨匠音乐人NOMAK办得到了，于是，2019年6月，他再次启航巡演，将依次到访北京、南京、上海、杭州&nbsp;四站。</span></p><p><br></p><p style='text-align: left;'><img src='https://s2.showstart.com/img/2019/20190319/854800c35f274506a1fb41d8cc6d6b48_2000_1333_1803832.0x0.jpg?imageMogr2/thumbnail/640x/gravity/Center/crop/640x' title='/img/2019/20190319/854800c35f274506a1fb41d8cc6d6b48_2000_1333_1803832.0x0.jpg' alt=''></p><p style='text-align: left;'><span style='font-size: 14px; font-family: 宋体, SimSun;'><br></span></p><p style='text-align: left;'><span style='font-size: 14px; font-family: 宋体, SimSun;'>NOMAK已经不是第一次来华巡演了，从2016年沪广双城巡演首次公开新专辑先行歌曲到2017年的杭州专场，NOMAK为中国观众带来了一次次绝佳的现场视听体验！</span></p><p><br></p><p style='text-align: left;'><span style='font-size: 14px; font-family: 宋体, SimSun;'>以往每次来华巡演，都获得了口碑和票房双丰收的好成绩。而本次巡演，是首次加入鼓手编制的&nbsp;Band Set&nbsp;中国巡演，以全新阵容为大家呈现最好的现场效果。</span></p><p><br></p><p style='text-align: left;'><span style='font-size: 14px; font-family: 宋体, SimSun;'>精彩现场回顾&nbsp;</span></p><p style='text-align: left;'><span style='font-size: 14px; font-family: 宋体, SimSun;'><br></span></p><p style='text-align: left;'><img src='https://s2.showstart.com/img/2019/20190319/abaae4cc0f1a47898b1647a7d853ab65_2000_1333_2835732.0x0.jpg?imageMogr2/thumbnail/640x/gravity/Center/crop/640x' title='/img/2019/20190319/abaae4cc0f1a47898b1647a7d853ab65_2000_1333_2835732.0x0.jpg' alt=''><img src='https://s2.showstart.com/img/2019/20190319/0f4cba325183498499de34c107e7ff6a_2000_1333_2105310.0x0.jpg?imageMogr2/thumbnail/640x/gravity/Center/crop/640x' title='/img/2019/20190319/0f4cba325183498499de34c107e7ff6a_2000_1333_2105310.0x0.jpg' alt=''><img src='https://s2.showstart.com/img/2019/20190319/fb875d926f3d4d32bdeb9f6c0fd43503_2000_1333_1929320.0x0.jpg?imageMogr2/thumbnail/640x/gravity/Center/crop/640x' title='/img/2019/20190319/fb875d926f3d4d32bdeb9f6c0fd43503_2000_1333_1929320.0x0.jpg' alt=''><img src='https://s2.showstart.com/img/2019/20190319/e029036eecb0418492901d2bdc64fceb_2000_1333_2022331.0x0.jpg?imageMogr2/thumbnail/640x/gravity/Center/crop/640x' title='/img/2019/20190319/e029036eecb0418492901d2bdc64fceb_2000_1333_2022331.0x0.jpg' alt=''></p><p><br></p><p style='text-align: left;'><span style='font-size: 14px; font-family: 宋体, SimSun;'>2017年MAOLivehouse杭州演出现场<br></span></p><p style='text-align: left;'><span style='font-size: 14px; font-family: 宋体, SimSun;'>摄影师@泡面_Linc</span></p><p><br></p><p style='text-align: left;'><span style='font-size: 14px; font-family: 宋体, SimSun;'>NOMAK《MAKE A CHANGE》2017演出现场视频</span></p><p style='text-align: left;'><span style='font-size: 14px; font-family: 宋体, SimSun;'><br></span></p><p style='text-align: left;'><iframe class='previewVideo' src='https://v.qq.com/txp/iframe/player.html?vid=u0513mhf97d' width='420' height='280' frameborder='0' allowfullscreen=''></iframe></p><p style='text-align: left;'><br></p><p style='text-align: left;'><span style='font-size: 14px; font-family: 宋体, SimSun;'>每一次演出，NOMAK都全情投入，或激昂或舒缓，带领乐迷走进他的山川宇宙。<br></span></p><p style='text-align: left;'><span style='font-size: 14px; font-family: 宋体, SimSun;'>&nbsp;</span></p><p style='text-align: left;'><span style='font-size: 14px; font-family: 宋体, SimSun;'>那NOMAK到底是何方大神呢，如此招徕乐迷的喜爱呢？</span></p><p style='text-align: left;'><span style='font-size: 14px; font-family: 宋体, SimSun;'><br></span></p><p style='text-align: left;'><img src='https://s2.showstart.com/img/2019/20190319/17679476a80345fdaaa488a70698e453_2000_1333_1639641.0x0.jpg?imageMogr2/thumbnail/640x/gravity/Center/crop/640x' title='/img/2019/20190319/17679476a80345fdaaa488a70698e453_2000_1333_1639641.0x0.jpg' alt=''></p><p><br></p><p style='text-align: left;'><span style='font-size: 14px; font-family: 宋体, SimSun;'>Nature（自然）/&nbsp;Culture（文化）/&nbsp;Peace（平和）</span></p><p><br></p><p style='text-align: left;'><span style='font-size: 14px; font-family: 宋体, SimSun;'>'他的音乐彷佛阪本龙一和久石让一样细腻、精致的美丽旋律。'</span></p><p><br></p><p style='text-align: left;'><span style='font-size: 14px; font-family: 宋体, SimSun;'>“他的音乐孕育在山川和海洋所构成的大自然下，透过接触草、花、木、水、土等自然的环境赋予其感性及情绪丰富的特质，用永恒的生命之心将日本的风格与现代音乐融为一体，并且将持续的在日常生活中追寻新的景色及发现。'</span></p><p><br></p><p style='text-align: left;'><span style='font-size: 14px; font-family: 宋体, SimSun;'>通过对自然、文化、平和的理解，NOMAK制作属于自己的Jazz Hip-Hop音乐，在没有受过专业音乐院校的培训下，凭借听觉、触觉，以天生的音乐才华制作每一首乐曲，只在乎每一个涌动出的旋律能否激起内心的涟漪。</span></p><p><br></p><p style='text-align: left;'><span style='font-size: 14px; font-family: 宋体, SimSun;'>是啊，如此低调纯粹，如此朴实无华，只为彰显音乐本身的魅力，甚至在来华之前，我们也没有目睹过他本尊的芳容。</span></p><p style='text-align: left;'><span style='font-size: 14px; font-family: 宋体, SimSun;'><br></span></p><p style='text-align: left;'><img src='https://s2.showstart.com/img/2019/20190319/3aed034deaf847fd81a91fdae8e86375_2000_1333_1349626.0x0.jpg?imageMogr2/thumbnail/640x/gravity/Center/crop/640x' title='/img/2019/20190319/3aed034deaf847fd81a91fdae8e86375_2000_1333_1349626.0x0.jpg' alt=''><span style='font-size: 14px; font-family: 宋体, SimSun;'>&nbsp;</span></p><p><br></p><p style='text-align: left;'><span style='font-size: 14px; font-family: 宋体, SimSun;'>那么2019年NOMAK巡演，</span></p><p style='text-align: left;'><span style='font-size: 14px; font-family: 宋体, SimSun;'>大家有什么可期待的呢？</span></p><p><br></p><p style='text-align: left;'><span style='font-size: 14px; font-family: 宋体, SimSun;'>新专介绍&nbsp;</span></p><p style='text-align: left;'><span style='font-size: 14px; font-family: 宋体, SimSun;'><br></span></p><p style='text-align: left;'><img src='https://s2.showstart.com/img/2019/20190319/4abf36571ae94ff9bef376e10e4b48ea_4000_4000_2044992.0x0.jpg?imageMogr2/thumbnail/640x/gravity/Center/crop/640x' title='/img/2019/20190319/4abf36571ae94ff9bef376e10e4b48ea_4000_4000_2044992.0x0.jpg' alt=''></p><p style='text-align: left;'><span style='font-size: 14px; font-family: 宋体, SimSun;'><br></span></p><p style='text-align: left;'><span style='font-size: 14px; font-family: 宋体, SimSun;'>首先不得不提及的就是新专辑《Phenomenal Love》，这是一张以爱的概念为主题，以温暖的心去善待、珍惜他人与大自然，以此唤回世界的光明与美好，并将这种愿望凝聚在了这部作品当中。<br></span></p><p><br></p><p style='text-align: left;'><span style='font-size: 14px; font-family: 宋体, SimSun;'>乐曲构成仍旧以纯音乐为主，加入人声的特邀演唱，与以往的作品一样展现了日本大自然的壮丽之美，同时继承了NOMAK对于旋律独特而细腻的编织手法，在新鲜感中充满怀旧气息，成就了华美而温暖积极的作品。</span></p><p style='text-align: left;'><span style='font-size: 14px; font-family: 宋体, SimSun;'>&nbsp;</span></p><p style='text-align: left;'><span style='font-size: 14px; font-family: 宋体, SimSun;'>比如冷艳但又令人意犹未尽的《Nostalgia》</span></p><p style='text-align: left;'><span style='font-size: 14px; font-family: 宋体, SimSun;'>又如梦境中靡靡之音无知无尽述说呢喃的《Timeless Moment》</span></p><p><br></p><p style='text-align: left;'><span style='font-size: 14px; font-family: 宋体, SimSun;'>Nomak&nbsp;-&nbsp;Timeless&nbsp;Moment来自SETI呈现00:0005:24</span></p><p style='text-align: left;'><span style='font-size: 14px; font-family: 宋体, SimSun;'>还有以爱之名又富独特韵味的同名歌曲《Phenomenal Love》，都是这张新作的亮点。</span></p><p><br></p><p><span style='font-family: 宋体, SimSun; font-size: 14px;'>阵容介绍&nbsp;</span><br></p><p><br></p><p style='text-align: left;'><span style='font-size: 14px; font-family: 宋体, SimSun;'>不仅如此，这次巡演再次携手来自美国的MC&nbsp;Paulie Rhyme、新加入鼓手&nbsp;Kaoru Suzuki&nbsp;的助阵，三方合体又有怎样惊艳的视听效果呢？敬请期待！</span></p><p><br></p><p style='text-align: left;'><span style='font-size: 14px; font-family: 宋体, SimSun;'>NOMAK</span></p><p style='text-align: left;'><span style='font-size: 14px; font-family: 宋体, SimSun;'><br></span></p><p style='text-align: left;'><img src='https://s2.showstart.com/img/2019/20190319/d08446ea595c48cda5c781c968611889_1774_1774_503905.0x0.jpg?imageMogr2/thumbnail/640x/gravity/Center/crop/640x' title='/img/2019/20190319/d08446ea595c48cda5c781c968611889_1774_1774_503905.0x0.jpg' alt=''></p><p style='text-align: left;'><span style='font-size: 14px; font-family: 宋体, SimSun;'><br></span></p><p style='text-align: left;'><span style='font-size: 14px; font-family: 宋体, SimSun;'>Kaoru Suzuki</span></p><p style='text-align: left;'><span style='font-size: 14px; font-family: 宋体, SimSun;'><br></span></p><p style='text-align: left;'><img src='https://s2.showstart.com/img/2019/20190319/0b1c1aae648f424190b9305717937180_2227_1485_623202.0x0.jpg?imageMogr2/thumbnail/640x/gravity/Center/crop/640x' title='/img/2019/20190319/0b1c1aae648f424190b9305717937180_2227_1485_623202.0x0.jpg' alt=''></p><p style='text-align: left;'><span style='font-size: 14px; font-family: 宋体, SimSun;'><br></span></p><p style='text-align: left;'><span style='font-size: 14px; font-family: 宋体, SimSun;'>Paulie Rhyme</span></p><p style='text-align: left;'><span style='font-size: 14px; font-family: 宋体, SimSun;'><br></span></p><p style='text-align: left;'><img src='https://s2.showstart.com/img/2019/20190319/a5d9cf9b436c4aa79ea20d63f96925c2_1280_960_139805.0x0.jpg?imageMogr2/thumbnail/640x/gravity/Center/crop/640x' title='/img/2019/20190319/a5d9cf9b436c4aa79ea20d63f96925c2_1280_960_139805.0x0.jpg' alt=''></p><p><span style='font-family: 宋体, SimSun; font-size: 14px;'>巡演日程&nbsp;</span><br></p><p><br></p><p style='text-align: left;'><span style='font-size: 14px; font-family: 宋体, SimSun;'><strong>【SETI呈现】2019日本Jazz Hip-hop艺术家NOMAK&nbsp;新专辑《Phenomenal Love》巡演</strong></span></p><p style='text-align: left;'><span style='font-size: 14px; font-family: 宋体, SimSun;'>&nbsp;</span></p><p><br></p><p style='text-align: left;'><span style='font-size: 14px; font-family: 宋体, SimSun;'><strong>【北京站】BEIJING</strong><br>时间Time：6月13日 周四THU 20:30<br></span></p><p style='text-align: left;'><span style='font-size: 14px; font-family: 宋体, SimSun;'>场馆Venue：MAO Livehouse&nbsp;<br>地址Add：海淀区复兴路69号院2号136-G23&nbsp;</span></p><p style='text-align: left;'><span style='font-size: 14px; font-family: 宋体, SimSun;'>136-G23, No.2, Building 69, Fuxing Rd, Haidian District.&nbsp;<br></span></p><p style='text-align: left;'><br><span style='font-size: 14px; font-family: 宋体, SimSun;'><strong>【南京站】NANJING</strong><br>时间Time：6月14日 周五FRI&nbsp;20:30</span></p><p style='text-align: left;'><span style='font-size: 14px; font-family: 宋体, SimSun;'>场馆Venue：欧拉艺术空间OLA Space<br>地址Add：阳光路3号(太阳宫演艺广场B1层)</span></p><p style='text-align: left;'><span style='font-size: 14px; font-family: 宋体, SimSun;'>No.3 Yangguang Rd. (B1)&nbsp;<br>&nbsp;<br></span></p><p style='text-align: left;'><span style='font-size: 14px; font-family: 宋体, SimSun;'><strong>【上海站】SHANGHAI</strong><br>时间Time：6月15日 周六SAT&nbsp;20:30</span></p><p style='text-align: left;'><span style='font-size: 14px; font-family: 宋体, SimSun;'>场馆Venue：MAO Livehouse&nbsp;&nbsp;<br>地址Add：&nbsp;黄埔区重庆南路308号</span></p><p style='text-align: left;'><span style='font-size: 14px; font-family: 宋体, SimSun;'>No.308, South Chongqing Rd, Huangpu District&nbsp;<br></span></p><p><br></p><p style='text-align: left;'><span style='font-size: 14px; font-family: 宋体, SimSun;'><strong>【杭州站】HANGZHOU</strong><br>时间Time：6月16日 周日SUN&nbsp;20:30</span></p><p style='text-align: left;'><span style='font-size: 14px; font-family: 宋体, SimSun;'>场馆Venue：MAO Livehouse&nbsp;<br>地址Add：上城区中山南路77号尚城1157·利星三楼</span></p><p style='text-align: left;'><span style='font-size: 14px; font-family: 宋体, SimSun;'>Floor 3, Shangchenglixing, No.77, South Zhongshan Rd, Shangcheng District</span></p><p><br></p><p><br></p><p style='text-align: left;'><span style='font-size: 14px; font-family: 宋体, SimSun; color: rgb(0, 0, 0);'>票价Ticket&nbsp;</span></p><p><br></p><p style='text-align: left;'><span style='font-size: 14px; font-family: 宋体, SimSun; color: rgb(0, 0, 0);'>预售票150；<span style='font-family: 宋体, SimSun; font-size: 14px;'></span>现场票180元</span></p><p><br></p><p style='text-align: left;'><span style='font-size: 14px; font-family: 宋体, SimSun; color: rgb(0, 0, 0);'>VIP票：220元（提前入场、单独合影、签名握手会、随机NOMAK MINI专辑一张）<br></span></p><p><br></p><p style='text-align: left;'><span style='font-size: 14px; font-family: 宋体, SimSun; color: rgb(0, 0, 0);'>VIP票赠送以下 NOMAK MINI 专辑 随机一张&nbsp;</span><span style='color: rgb(49, 133, 155); font-size: 14px; font-family: 宋体, SimSun;'><strong><br></strong></span></p><p><br></p><p style='text-align: left;'><img src='https://s2.showstart.com/img/2019/20190319/83d0cafff0784537bcf289a1a7d52fc1_663_232_254307.0x0.jpg?imageMogr2/thumbnail/640x/gravity/Center/crop/640x' title='/img/2019/20190319/83d0cafff0784537bcf289a1a7d52fc1_663_232_254307.0x0.jpg' alt=''></p><p><br></p><p style='text-align: left;'><span style='font-size: 14px; font-family: 宋体, SimSun; color: rgb(0, 0, 0);'>VVIP票：320元（提前入场、单独合影、签名握手会、新专辑《Phenomenal Love》一张）</span></p><p style='text-align: left;'><span style='font-size: 14px; font-family: 宋体, SimSun; color: rgb(0, 0, 0);'>&nbsp;</span></p><p style='text-align: left;'><span style='font-size: 14px; font-family: 宋体, SimSun; color: rgb(0, 0, 0);'>NOMAK新专辑《Phenomenal Love》</span></p><p><br></p><p style='text-align: left;'><img src='https://s2.showstart.com/img/2019/20190319/e873d058071a428285b7b428db38e5cd_4000_4000_2044992.0x0.jpg?imageMogr2/thumbnail/640x/gravity/Center/crop/640x' title='/img/2019/20190319/e873d058071a428285b7b428db38e5cd_4000_4000_2044992.0x0.jpg' alt=''></p><p style='text-align: left;'><br></p><p style='text-align: left;'><span style='font-size: 14px; font-family: 宋体, SimSun;'>在这个初夏，有了NOMAK的《Phenomenal Love》这张专辑，我们感受爱的温度，就让我们随着这清新的旋律在夏日尽情摇摆吧！</span></p><p style='text-align: left;'><span style='font-size: 14px; font-family: 宋体, SimSun;'>&nbsp;</span></p><p style='text-align: left;'><span style='font-size: 14px; font-family: 宋体, SimSun;'>2019日本Jazz Hip-hop艺术家NOMAK&nbsp;新专辑《Phenomenal Love》巡演</span></p><p style='text-align: left;'><span style='font-size: 14px; font-family: 宋体, SimSun;'>友情合作：上海魅狸文化</span></p><p><br></p><p style='text-align: left;'><span style='font-size: 14px; font-family: 宋体, SimSun;'>更多精彩演出，敬请关注SETI呈现秀动小站</span></p><p style='text-align: left;'><span style='font-size: 14px; font-family: 宋体, SimSun;'>▼&nbsp;▼&nbsp;▼<br></span></p><p style='text-align: left;'><span style='font-size: 14px; font-family: 宋体, SimSun;'>SETI PRESENT</span></p><p style='text-align: left;'><span style='font-size: 14px; font-family: 宋体, SimSun;'>唯有好的音乐现场不可辜负</span></p><p><br></p><p style='text-align: left;'><span style='font-size: 14px; font-family: 宋体, SimSun;'>SETI呈现，独立音乐厂牌</span></p><p style='text-align: left;'><span style='font-size: 14px; font-family: 宋体, SimSun;'>-我们致力于将好的音乐现场带到您身边，给每个热爱音乐的灵魂。</span></p><p><br></p><p style='text-align: left;'><br></p><p style='text-align: left;'><br></p><p style='text-align: left;'><br></p><p style='margin-top:0;margin-right:0;margin-bottom:0;margin-left:0;text-indent:0;padding:0 0 0 0 ;text-autospace:ideograph-numeric;text-align:justify;text-justify:inter-ideograph;line-height:150%'><strong><span style='font-family: 宋体;line-height: 150%;letter-spacing: 0;font-size: 14px'><span style='font-family:宋体'>购票须知</span></span></strong></p><p style='margin-top:0;margin-right:0;margin-bottom:0;margin-left:0;text-indent:0;padding:0 0 0 0 ;text-autospace:ideograph-numeric;text-align:justify;text-justify:inter-ideograph;line-height:150%'><strong><span style='font-family: 宋体;line-height: 150%;letter-spacing: 0;font-size: 14px'>1.本场演出不支持退换票，如无法正常观看，还请自行处理，给您带来不便敬请谅解；</span></strong></p><p style='margin-top:0;margin-right:0;margin-bottom:0;margin-left:0;text-indent:0;padding:0 0 0 0 ;text-autospace:ideograph-numeric;text-align:justify;text-justify:inter-ideograph;line-height:150%'><strong><span style='font-family: 宋体;line-height: 150%;letter-spacing: 0;font-size: 14px'>2.本场演出凭电子票二维码核验入场，无实体票，</span></strong><strong><span style='font-family: 宋体;line-height: 150%;letter-spacing: 0;font-size: 14px'><span style='font-family:宋体'>场地内不设座位，均为站席观演；</span></span></strong></p><p style='margin-top:0;margin-right:0;margin-bottom:0;margin-left:0;text-indent:0;padding:0 0 0 0 ;text-autospace:ideograph-numeric;text-align:justify;text-justify:inter-ideograph;line-height:150%'><strong><span style='font-family: 宋体;line-height: 150%;letter-spacing: 0;font-size: 14px'>3.秀动网严禁发布任何形式的转票、求票及个人联系信息，秀动网有权取消违规者订单、留言（情节严重的将进行禁言直至账户冻结处罚）。</span></strong></p><p style='text-align: left;'><br></p><p><br></p><p><br></p>"),
    (NULL," 小林未郁2019'Mika Type 承 -舂容-'北京站 ONE THIRD X SMILEY派对 DAN TEPFER TRIO 独家 【狸猫音乐】学生专场VOL.2 ","images/shows/a3f8f734d12a497f9337baa34e0f0ff7_600_800_162523.0x0.jpg","<p style='margin-top:0;margin-right:0;margin-bottom:0;margin-left:0;text-indent:0;padding:0 0 0 0 ;text-align:justify;text-justify:inter-ideograph'><strong><span style='letter-spacing: 0px; font-size: 14px; font-family: 宋体;'>参演艺人：小林未郁</span></strong></p><p style='margin-top:0;margin-right:0;margin-bottom:0;margin-left:0;text-indent:0;padding:0 0 0 0 ;text-align:justify;text-justify:inter-ideograph'><strong><span style='letter-spacing: 0px; font-size: 14px; font-family: 宋体;'>演出场地：北京 糖果LIVE三层</span></strong></p><p><br></p><p><br></p><p style='text-align: left;'><span style='font-family: 宋体, SimSun; font-size: 14px;'><strong>「歌声温柔又有爆发力，喜爱穿轻萝莉装的歌姬，我们最爱的MIKA」</strong></span></p><p style='text-align: left;'><span style='font-family: 宋体, SimSun; font-size: 14px;'>&nbsp;</span></p><p style='text-align: left;'><span style='font-family: 宋体, SimSun; font-size: 14px;'>去年小林未郁（以下统称MIKA）刚带着她的'三日天下'团队完成了中国5城市的巡演，说起来'三日天下'团队也只是在2017年的秋季偶尔成立的，成立的契机-----当然是MIKA最爱的酒会上了。历史上'三日天下'指的是在短短三天就掌权的统治者，但是MIKA取这个名字的原因跟历史无关，而是因为当初成员们每个人都太忙了，只能抽出三天来一起表演，因此诞生了这个团名。</span></p><p style='text-align: left;'><span style='font-family: 宋体, SimSun; font-size: 14px;'><br></span></p><p style='text-align: left;'><img src='https://s2.showstart.com/img/2019/20190513/cf2e142f4c68432380491c1f074c9232_840_559_503872.0x0.jpg?imageMogr2/thumbnail/640x/gravity/Center/crop/640x' title='/img/2019/20190513/cf2e142f4c68432380491c1f074c9232_840_559_503872.0x0.jpg' alt=''></p><p style='text-align: left;'><span style='font-family: 宋体, SimSun; font-size: 14px;'><br></span></p><p style='text-align: left;'><span style='font-family: 宋体, SimSun; font-size: 14px;'>2018年MIKA Type'承'中国巡演---上海站（photo by Kabo）</span></p><p style='text-align: left;'><span style='font-family: 宋体, SimSun; font-size: 14px;'>&nbsp;</span></p><p style='text-align: left;'><span style='font-family: 宋体, SimSun; font-size: 14px;'>MIKA绝对是最注重现场演出的创作型歌手，她的用心相信亲自来现场看过的人都知道，比如在MIKA自弹自唱'毒'这首歌的时候，因为是比较舒缓得曲子，为了让听众不会那么沉闷，MIKA会在某个尾音突然结束并加上可爱的小动作。另外一个突出MIKA用心的地方，她会在演奏某些曲子的时候用上小朋友的乐器玩具，比如小鼓还有小钢琴等，让整个表演变得更加有趣。还有一点，MIKA团队每次演出的时候，都会在舞台上布置上跟中国有关的小道具，比如在中国去过的某个地方拿到的假面面具，或者是去看大熊猫买的周边等。。。这些看似微不足道的小地方正是体现了MIKA有多注重国内的听众们，这次大家去现场的时候一定要仔细多观察一下MIKA为了你们设计的小心思。</span></p><p style='text-align: left;'><span style='font-family: 宋体, SimSun; font-size: 14px;'><br></span></p><p style='text-align: left;'><img src='https://s2.showstart.com/img/2019/20190513/a31fb7f6330141648402c949981111ee_845_561_569557.0x0.jpg?imageMogr2/thumbnail/640x/gravity/Center/crop/640x' title='/img/2019/20190513/a31fb7f6330141648402c949981111ee_845_561_569557.0x0.jpg' alt=''></p><p style='text-align: left;'><br></p><p style='text-align: left;'><span style='font-family: 宋体, SimSun; font-size: 14px;'>2018年MIKA Type'承'中国巡演---成都站（photo by Hasong）</span></p><p style='text-align: left;'><span style='font-family: 宋体, SimSun; font-size: 14px;'><br></span></p><p style='text-align: left;'><span style='font-family: 宋体, SimSun; font-size: 14px;'>说起MIKA，不得不提的当然是各种'神曲'，被漫迷们誉为的动漫界四大神曲里，有三首就是MIKA唱的。</span></p><p style='text-align: left;'><span style='font-family: 宋体, SimSun; font-size: 14px;'>&nbsp;&nbsp;</span></p><p style='text-align: left;'><span style='font-family: 宋体, SimSun; font-size: 14px;'>先是拔剑神曲《βios》，这首歌是日本动画《罪恶王冠》的插曲，节奏激动人心，氛围悲壮雄阔，因在动画中播放此曲时多数是主角樱满集抽出楪祈的Void（从楪祈的胸口中抽出一把剑），所以被称为'拔剑神曲'。&nbsp;当音乐前奏一放出来，大家的心也跟着节奏忐忑起来，如此燃的音乐配上MIKA爆发力的歌喉总是让歌迷悔恨自己手边怎么就没有一把剑。</span></p><p style='text-align: left;'><span style='font-family: 宋体, SimSun; font-size: 14px;'><br></span></p><p style='text-align: left;'><span style='font-family: 宋体, SimSun; font-size: 14px;'><a href='https://music.163.com/#/song?id=498096' _src='https://music.163.com/#/song?id=498096'>https://music.163.com/#/song?id=498096</a> </span></p><p style='text-align: left;'><br></p><p style='text-align: left;'><img src='https://s2.showstart.com/img/2019/20190513/0f675130cf3842818afadbd71626fe76_1043_693_480893.0x0.jpg?imageMogr2/thumbnail/640x/gravity/Center/crop/640x' title='/img/2019/20190513/0f675130cf3842818afadbd71626fe76_1043_693_480893.0x0.jpg' alt=''></p><p style='text-align: left;'><br></p><p style='text-align: left;'><span style='font-family: 宋体, SimSun; font-size: 14px;'>2018年MIKA Type'承'中国巡演---重庆站（photo by 夏天）</span></p><p style='text-align: left;'><span style='font-family: 宋体, SimSun; font-size: 14px;'>&nbsp;</span></p><p style='text-align: left;'><span style='font-family: 宋体, SimSun; font-size: 14px;'>第二首核爆神曲《AlieZ》是日本动画《Aldnoah Zero》插曲，由于与场景的契合感极强且音乐副歌部分极具爆发力，此曲在网络上被命名为核爆神曲。这首歌从开头到副歌为止有长达约1分钟的空白，而节奏缓缓加强，一直吊着听众的心，直到MIKA的第一句“I say crier！I say liar！“出来，前面提到嗓子眼的紧张感终于可以一并爆发出来了。</span></p><p style='text-align: left;'><span style='font-family: 宋体, SimSun; font-size: 14px;'>&nbsp;</span></p><p style='text-align: left;'><span style='font-family: 宋体, SimSun; font-size: 14px;'>https://music.163.com/#/song?id=29307198</span></p><p style='text-align: left;'><span style='font-family: 宋体, SimSun; font-size: 14px;'>&nbsp;<img src='https://s2.showstart.com/img/2019/20190513/e1c97ebf87554e20b8a3bcc4dd236f5d_1099_733_704885.0x0.jpg?imageMogr2/thumbnail/640x/gravity/Center/crop/640x' title='/img/2019/20190513/e1c97ebf87554e20b8a3bcc4dd236f5d_1099_733_704885.0x0.jpg' alt=''></span></p><p style='text-align: left;'><span style='font-family: 宋体, SimSun; font-size: 14px;'><br></span></p><p style='text-align: left;'><span style='font-family: 宋体, SimSun; font-size: 14px;'>2018年MIKA Type'承'中国巡演---深圳站（photo by 小熊）</span></p><p><span style='font-family: 宋体, SimSun; font-size: 14px;'><br></span></p><p><span style='font-family: 宋体, SimSun; font-size: 14px;'>接着是断剑神曲《Perfect Time》，源自《七大罪》中第一集十八分二十秒处的BGM（梅利奥达斯表明身份时，因为断剑而得名）。当“伊丽莎白！你的眼泪与我的恐惧都几近消失之时，我们将迎来完美时刻，只属于你和我。'这句歌词一出来，配上梅利奥达斯对敌人说'知道我是谁了吗。'时候的帅气画面，真的是鸡皮疙瘩都要起来了。</span><br></p><p><span style='font-family: 宋体, SimSun; font-size: 14px;'><br></span></p><p style='text-align: left;'><img src='https://s2.showstart.com/img/2019/20190513/80213e2c15a54f45aafc4ce4ebee0115_1030_686_552970.0x0.jpg?imageMogr2/thumbnail/640x/gravity/Center/crop/640x' title='/img/2019/20190513/80213e2c15a54f45aafc4ce4ebee0115_1030_686_552970.0x0.jpg' alt=''></p><p style='text-align: left;'><br></p><p style='text-align: left;'><span style='font-family: 宋体, SimSun; font-size: 14px;'>2018年MIKA Type'承'中国巡演---北京站（photo by 王玉石）</span></p><p style='text-align: left;'><span style='font-family: 宋体, SimSun; font-size: 14px;'>&nbsp;</span></p><p style='text-align: left;'><span style='font-family: 宋体, SimSun; font-size: 14px;'>今年MIKA遵守了诺言再次来到了中国，希望大家延续上一次的热情，继续让MIKA感受到中国粉丝的热爱吧！</span></p><p style='text-align: left;'><span style='font-family: 宋体, SimSun; font-size: 14px;'><br></span></p><p style='text-align: left;'><span style='font-family: 宋体, SimSun; font-size: 14px;'><img src='https://s2.showstart.com/img/2019/20190513/bb37598eeb514adea2327eae733f4449_1041_694_939850.0x0.jpg?imageMogr2/thumbnail/640x/gravity/Center/crop/640x' title='/img/2019/20190513/bb37598eeb514adea2327eae733f4449_1041_694_939850.0x0.jpg' alt=''></span></p><p style='text-align: left;'><span style='font-family: 宋体, SimSun; font-size: 14px;'><br></span></p><p style='text-align: left;'><span style='font-family: 宋体, SimSun; font-size: 14px;'></span></p><p style='text-align: left;'><span style='font-family: 宋体, SimSun; font-size: 14px;'>2018年MIKA Type'承'中国巡演---深圳站大合照</span></p><p style='text-align: left;'><strong><span style='font-family: 宋体, SimSun; font-size: 14px;'><br></span></strong></p><p style='text-align: left;'><strong><span style='font-family: 宋体, SimSun; font-size: 14px;'></span></strong></p><p><strong>VIP票福利：单独合影+签名+优先入场</strong></p><p><strong>VIP票优先入场的概念：</strong></p><p><strong>入场前VIP票与常规票分开排队，待VIP票先入场后，常规票再入场。</strong></p><p style='text-align: left;'><span style='font-family: 宋体, SimSun; font-size: 14px;'></span><br></p><p><br></p><p><strong><span style='font-family: 宋体, SimSun; font-size: 14px;'>购票须知</span></strong></p><p><strong><span style='font-family: 宋体, SimSun; font-size: 14px;'>1.本场演出不支持退换票，如无法正常观看，还请自行处理，给您带来不便敬请谅解；</span></strong></p><p><strong><span style='font-family: 宋体, SimSun; font-size: 14px;'>2.本场演出凭电子票二维码核验入场，无实体票，场地内不设座位，均为站席观演；</span></strong></p><p><strong><span style='font-family: 宋体, SimSun; font-size: 14px;'>3.请勿发布任何形式的转票信息。</span></strong></p><p><br></p>"),
    (NULL," Stella Promotions四周年之挪威传奇老牌Synth-Pop乐队Flunk 2019 巡演 北京站 ONE THIRD X SMILEY派对 DAN TEPFER TRIO 独家 【狸猫音乐】学生专场VOL.2 ","images/shows/457dbfda75174aa4a5c246c7784581fe_600_800_133017.0x0.jpg","<p style='margin-top:0;margin-right:0;margin-bottom:0;margin-left:0;text-indent:0;padding:0 0 0 0 ;text-align:justify;text-justify:inter-ideograph'><strong><span style='letter-spacing: 0px; font-size: 14px; font-family: 宋体;'>参演艺人：Flunk</span></strong></p><p style='margin-top:0;margin-right:0;margin-bottom:0;margin-left:0;text-indent:0;padding:0 0 0 0 ;text-align:justify;text-justify:inter-ideograph'><strong><span style='letter-spacing: 0px; font-size: 14px; font-family: 宋体;'>演出场地：北京 疆进酒·OMNI SPACE</span></strong></p><p><br></p><p><br></p><p style='text-align: left;'><span style='font-family: 宋体, SimSun; font-size: 14px;'>Stella Promotions四周年之挪威传奇老牌Synth-Pop乐队Flunk 2019 中国巡演</span></p><p><br></p><p style='text-align: left;'><span style='font-family: 宋体, SimSun; font-size: 14px;'>&nbsp;</span><img src='https://s2.showstart.com/img/2019/20190514/3dc127e9c09948459dd6ed700056130e_2048_1365_233497.0x0.jpg?imageMogr2/thumbnail/640x/gravity/Center/crop/640x' title='/img/2019/20190514/3dc127e9c09948459dd6ed700056130e_2048_1365_233497.0x0.jpg' alt=''></p><p style='text-align: left;'><br></p><p style='text-align: left;'><span style='font-family: 宋体, SimSun; font-size: 14px;'>巡演日程：</span></p><p style='text-align: left;'><span style='font-family: 宋体, SimSun; font-size: 14px;'>6.08 上海 Lofas</span></p><p style='text-align: left;'><span style='font-family: 宋体, SimSun; font-size: 14px;'>6.11 南京 欧拉</span></p><p style='text-align: left;'><span style='font-family: 宋体, SimSun; font-size: 14px;'>6.12 杭州 Mao</span></p><p style='text-align: left;'><span style='font-family: 宋体, SimSun; font-size: 14px;'>6.13 北京 疆进酒</span></p><p style='text-align: left;'><span style='font-family: 宋体, SimSun; font-size: 14px;'>&nbsp;</span></p><p style='text-align: left;'><span style='font-family: 宋体, SimSun; font-size: 14px;'>票价京沪150/180 杭南：120/150</span></p><p style='text-align: left;'><br><span style='font-family: 宋体, SimSun; font-size: 14px;'> Flunk是一支来自挪威奥斯陆的Syn-pop乐队，成立于2000的冬天和2001年，由制作人Ulf 和吉他手Jo 一起组建。乐队初期主要是是以器乐演奏和简单的人声为主，在2001年冬天，乐队的一首单曲被著名音乐厂牌Beatservice Records签订，在听完整首完整的专辑之后，厂牌负责人Vidar Hanssen 签下了这只当时还没有名字的乐队。</span></p><p style='text-align: left;'><span style='font-family: 宋体, SimSun; font-size: 14px;'>早在2001年的夏天时，Ulf和Jo就已经完成了专辑的绝大部分，此外增加了主唱Anja的凄美声线部分，此后Jo开始负责吉他的部分，新的专辑从完成到发行整整花去了一年的时间。</span></p><p><br></p><p style='text-align: left;'><img src='https://s2.showstart.com/img/2019/20190514/aef9992fe3ba4c92abf6c71c91c661e2_4256_2832_3243608.0x0.jpg?imageMogr2/thumbnail/640x/gravity/Center/crop/640x' title='/img/2019/20190514/aef9992fe3ba4c92abf6c71c91c661e2_4256_2832_3243608.0x0.jpg' alt=''></p><p><br></p><p style='text-align: left;'><span style='font-family: 宋体, SimSun; font-size: 14px;'>在2002的春天时，这个乐队终于以Flunk这个颇具有意思的名字出道，并且发行了第一首单曲，这首歌曲就是后来最为人所知单曲New Order的Blue Monday，这首单曲他们以自己特有的风格去重新演绎，并在英国，北美和欧洲获得很高的赞誉。在同年的4月发行的专辑For Sleepyheads Only在家乡挪威取得不错的成绩,通过此专辑的大获成功，Flunk 被伦敦的BBC的Radio 1邀请去参加The blue room的录音，很快的Notting Hill Art’s Club 成为了他们新专辑的演出场地，在美国，他们成功被Guidance Recordings厂牌签下。除了改编New Order，Flunk还重玩了英国殿堂乐队The Kinks的1964年名曲All Day And All Of The Night，由Anja与Ulf合唱，Flunk也前所未有地Funky起来。</span></p><p><br></p><p style='text-align: left;'><img src='https://s2.showstart.com/img/2019/20190514/85f95e7422cc45d59ca846f9957a511a_4256_2832_1897597.0x0.jpg?imageMogr2/thumbnail/640x/gravity/Center/crop/640x' title='/img/2019/20190514/85f95e7422cc45d59ca846f9957a511a_4256_2832_1897597.0x0.jpg' alt=''></p><p style='text-align: left;'><br></p><p style='text-align: left;'><span style='font-family: 宋体, SimSun; font-size: 14px;'>直到2012年夏天Flunk受邀英国电子音乐杂志采访，同年7月他们参加了挪威最负盛名的摇滚音乐节。10月随着新专辑For Sleepyheads Only 通过Guidance Recordings厂牌在美国顺利发行。11月份Flunk受邀参加了伦敦爵士音乐节。</span></p><p style='text-align: left;'><span style='font-family: 宋体, SimSun; font-size: 14px;'>整个2013年For Sleepyheads Only依然在全球畅销，并且推出了俄罗斯和希腊的特别版本。在6月Beatservice Records为专辑For Sleepyheads Only Remixed版本里发行了新的单曲Treat me like you do 。当For Sleepyheads Only 在全球继续横扫各大榜单时，Flunk已经开始静下心来在巴黎开始了第二张新专辑的创作。</span></p><p><br></p><p style='text-align: left;'><img src='https://s2.showstart.com/img/2019/20190514/93e470b1eae9403caf77fe7bb4e66ac3_2126_1417_248047.0x0.jpg?imageMogr2/thumbnail/640x/gravity/Center/crop/640x' title='/img/2019/20190514/93e470b1eae9403caf77fe7bb4e66ac3_2126_1417_248047.0x0.jpg' alt=''></p><p><br></p><p style='text-align: left;'><span style='font-family: 宋体, SimSun; font-size: 14px;'>第二张专辑Morning Star 于2014年3 月份完成并在5月在挪威开始发行，随后其他国家在6月也陆续发行。FLUNK认为从Weatherwax High 到Bristol 再到极地到处都充满了美好的旋律，但是他们并不是那么刻意Choruses。<br> 此次Flunk 是第三次到访中国，对于上两次成功的巡演,粉丝的热情和受欢迎的程度让这个来至北欧的乐队留下了深刻的印象。对于乐队来说，演出时刻并不是他们最美好的回忆，而是他们在这里遇见的可爱的人们，在这里所交到的好朋友，绿色的乡下田野，大城市的天际线，当然还有我们大中华的美食！自从第一次与中国邂逅，所有这些都深深的印在他们的脑海里，尽管有很多年了，但是乐队相信他们还会有机会回到这片让他们感动的乐土。</span></p><p><br></p><p style='text-align: left;'><img src='https://s2.showstart.com/img/2019/20190514/099f726af87a4f0c8c56d6586336fffb_1072_733_178447.0x0.jpg?imageMogr2/thumbnail/640x/gravity/Center/crop/640x' title='/img/2019/20190514/099f726af87a4f0c8c56d6586336fffb_1072_733_178447.0x0.jpg' alt=''></p><p style='text-align: left;'><br></p><p style='text-align: left;'><span style='font-family: 宋体, SimSun; font-size: 14px;'>（Flunk最新编制：鼓 ERIK ,吉他 JO,主唱&amp;吉他 ANJA,贝斯 OLE ,采样&amp;人声 Ulf）</span></p><p><br></p><p style='text-align: left;'><span style='font-family: 宋体, SimSun; font-size: 14px;'>因此，我们很开心的宣布，在时隔多年后，Flunk 将于今年6月携带最新的作品和特别的五人乐队编制回到中国，对于此次演出，乐队也是期待多多，也会为大家依稀演奏那些耳熟能详的曲子，这对于乐队来说也将是另一段难以忘怀的回忆。</span></p><p><br></p><p><br></p><p style='text-align: left;'><strong><span style='font-family: 宋体, SimSun; font-size: 14px;'></span></strong></p><p><strong><span style='font-family: 宋体, SimSun; font-size: 14px;'>购票须知</span></strong></p><p><strong><span style='font-family: 宋体, SimSun; font-size: 14px;'>1.本场演出不支持退换票，如无法正常观看，还请自行处理，给您带来不便敬请谅解；</span></strong></p><p><strong><span style='font-family: 宋体, SimSun; font-size: 14px;'>2.本场演出凭电子票二维码核验入场，无实体票，场地内不设座位，均为站席观演；</span></strong></p><p><strong><span style='font-family: 宋体, SimSun; font-size: 14px;'>3.请勿发布任何形式的转票信息。</span></strong></p><p style='text-align: left;'><span style='font-family: 宋体, SimSun; font-size: 14px;'></span><br></p><p><br></p>"),
    (NULL," THE MESSENGER LEGACY ONE THIRD X SMILEY派对 DAN TEPFER TRIO 独家 【狸猫音乐】学生专场VOL.2 ","images/shows/f14cfb2a6c224cbc87b11e568221df44_600_800_77208.0x0.jpg","<p><img src='https://s2.showstart.com/img/2019/20190530/3139e895deb8412c952187448e71414d_553_273_39314.0x0.jpg?imageMogr2/thumbnail/640x/gravity/Center/crop/640x' title='/img/2019/20190530/3139e895deb8412c952187448e71414d_553_273_39314.0x0.jpg' alt=''></p><p><br></p><p><strong>演出时间&amp;票价信息</strong></p><p>日期/Date：2019年6月13日（周四）</p><p>入场时间/Door Time：6:00 PM</p><p>演出时间/Show Time：7:30PM</p><p>B2剧场票价Ticket Price：</p><p>300（边座）/400（主座）RMB</p><p>&nbsp;</p><p><strong>Mercedes-Benz JAZZ MASTER SERIES </strong></p><p><strong>梅赛德斯-奔驰特别呈现爵士大师堂系列</strong></p><p>&nbsp;</p><p><strong>乐队成员</strong></p><p>Ralph Peterson - drums</p><p>Bobby Watson- alto sax</p><p>Bill Pierce - tenor sax</p><p>Brian Lynch- trumpet</p><p>Geoffrey Keezer- piano&nbsp;</p><p>Essiet Essiet- bass</p><p><br></p><p><img src='https://s2.showstart.com/img/2019/20190530/6f81477c1c9e4740b36ad65a9acb80bb_552_339_57805.0x0.jpg?imageMogr2/thumbnail/640x/gravity/Center/crop/640x' title='/img/2019/20190530/6f81477c1c9e4740b36ad65a9acb80bb_552_339_57805.0x0.jpg' alt=''></p><p><br></p><p>The Messenger Legacy是由爵士史上最有影响力的乐队之一Art Blakey的Jazz Messengers的成员们组成的精英阵容。目前的配置是Bobby Watson、Essiet Essiet、Geoff Keezer、Brian Lynch、Bill Pierce和作为鼓手的Ralph Peterson，他是被Art Blakey选上的最后一位爵士信使的鼓手，他在Jazz Messenger两个鼓手的大乐队中担任鼓手。Bobby Watson和Bill Pierce出席了Peterson第一次和乐队在Mikell的演出，从70年代末到80年代初，他们一直是乐队的中坚力量。Essiet Essiet是在Ralph Peterson和Bobby Watson推荐下来到Art Blakey的乐队的。Geoff Keezer和Brian Lynch加入了后来被证明是Art Blakey去世前最后一届的信使乐团。</p><p><br></p><p>The Messenger Legacy is an elite line-up of alumni members of one of Jazz’ most influential bands, Art Blakey’s Jazz Messengers. The current configuration is Bobby Watson, Essiet Essiet, Geoff Keezer, Brian Lynch, Bill Pierce and at the drums, the last drummer chosen by Art Blakey to play at his side in the Jazz Messenger 2 Drummer Big Band Ralph Peterson. Bobby Watson and Bill Pierce were present the night Peterson first sat in with the band at Mikell’s and was a mainstay from the late 70’s through the early mid 80’s. Essiet Essiet was brought to Art Blakey by recommendations of Ralph Peterson and Bobby Watson. Geoff Keezer and Brian Lynch joined what turned out to be the last edition of The Messengers before Art Blakey’s passing.</p><p>&nbsp;</p><p>可以说，没有其他鼓手比Peterson更有资格领导一支如此有深度的乐队。30年前，当时21岁的Peterson还是个新人，就被Blakey选中在1983年的爵士信使乐队中担任信使乐队的鼓手。在Blakey去世之前，Peterson一直是这个大乐队的第二鼓手。其他爵士信使的成员包括Donald Harrison, Craig Handy, Robin Eubanks, Kuumba Frank Lacy,&nbsp; Phillip Harper, Johnny O'neal, Donald Brown，甚至包括1962年Peterson出生那年加入的Reggie Workman。Reggie Workman还参加了Messenger Legacy的首场音乐会的开幕。</p><p><br></p><p>Arguably, no other drummer is more qualified than Peterson to lead a band with such depth. Thirty years ago, Peterson, then a fresh-faced 21 year-old chosen to play by Blakey as a Messenger in the 1983 version of The Jazz Messenger two drummer Big Band and learned first hand from Buhaina himself.&nbsp; Peterson remained the 2nd drummer in the Big Band until Blakey’s passing. Depending on availability other Jazz Messenger who have done and would be available would include Donald Harrison, Craig Handy, Robin Eubanks, Kuumba Frank Lacy,&nbsp; Phillip Harper, Johnny O'neal, Donald Brown and sometimes even Reggie Workman who joined Art in 1962 the year Peterson was born. Mr Workman also played in the inaugural Messenger Legacy concert.</p><p>&nbsp;</p><p>这群音乐家希望传承、保护和纪念那位不仅仅是乐队领袖人物的音乐遗产。这个团体有潜力发起对美国音乐史上最重要的学徒制度之一的新的赞赏。Peterson在谈到为何组建这个乐队时说:“我每次打鼓的时候都在向Art致敬，但我想做一些超越自我、超越任何个人的事情。我想以一种真诚和有意义的方式来表达我的敬意，不仅仅是对少数人表演，而是让通过他的音乐获得过感动的每一个人都看见。在这样一个时代，致敬演出和颂扬行为是司空见惯的，事实证明这是一个例外。'这个乐队有好几代信使乐团的代表，这是你能看到的最接近Messengers的机会' Peterson通过他的粗哑的笑声说，'这才是真的厉害。'</p><p><br></p><p>This group of musicians wishes to preserve, protect and honor the legacy of a man who was much more than a bandleader to all of them. This group has the potential of launching renewed appreciation for one of the most important institutions of apprenticeship in American music history. Said Peterson about forming the group, 'Every time I play the drums it is in tribute to Art, but I wanted to do something that goes beyond me, beyond any individual.&nbsp; I wanted to pay tribute in a way that was authentic, genuine, and meaningful not just to a few, but to every person he touched through his music.'&nbsp; In an age when cover bands and tribute acts are commonplace and contrived, this proves to be the exception.&nbsp; 'Having multiple generations of Messengers represented in this band, this is the closest you can get to the source,' said Peterson through his raspy chuckle, 'This is the real deal.'</p><p>&nbsp;</p><p><strong>注：换票时间始于入场时间前半小时，请各位观众安排好时间换票。</strong></p><p><br></p>"),
    (NULL," 独家 群聊 【售罄】Joyside回归专场 北京站 ONE THIRD X SMILEY派对 DAN TEPFER TRIO 独家 【狸猫音乐】学生专场VOL.2 ","images/shows/74bd02f18d164067b3988b8aa68a250d_600_799_122420.0x0.jpg","<p><strong><span style='font-size: 14px; font-family: 宋体, SimSun;'><br></span></strong></p><p><strong><span style='font-size: 14px; font-family: 宋体, SimSun;'></span></strong></p><p><span style='color: rgb(255, 0, 0);'><strong><span style='letter-spacing: 0px; font-size: 14px; font-family: 宋体;'>本场演出门票已全部售罄，现场不再售票！</span></strong></span></p><p><strong><span style='font-size: 14px; font-family: 宋体, SimSun;'></span></strong><br></p><p><strong><span style='font-size: 14px; font-family: 宋体, SimSun;'><br></span></strong></p><p><strong><span style='font-size: 14px; font-family: 宋体, SimSun;'><br></span></strong></p><p><strong><span style='font-size: 14px; font-family: 宋体, SimSun;'>演出艺人：Joyside</span></strong></p><p><strong><span style='font-size: 14px; font-family: 宋体, SimSun;'>演出场地：北京&nbsp;</span></strong><strong><span style='font-size: 14px; font-family: 宋体, SimSun;'>糖果LIVE三层</span></strong></p><p><br></p><p><span style='font-size: 14px; font-family: 宋体, SimSun;'>'我们是Joyside乐队，J-O-Y-S-I-D-E。分别了十年，我们回来了。要学会相信奇迹，尽管我们自己也无法相信。但这是真的。如果十年前你就和我们在一起，那希望十年后的今天还能再见到你。无论人生如何改变，重逢还应是少年。如果十年前我们还互不相识，那现在认识也一点都不晚。希望下一个十年你的故事里也有Joyside。无论爱我们，或是恨我们'。</span></p><p><span style='font-size: 14px; font-family: 宋体, SimSun;'><br></span></p><p><span style='font-size: 14px; font-family: 宋体, SimSun;'><img src='https://s2.showstart.com/img/2019/20190508/8cf6ecc5aed04bd9acef76599fc5b111_6480_4320_3224900.0x0.jpg?imageMogr2/thumbnail/640x/gravity/Center/crop/640x' title='/img/2019/20190508/8cf6ecc5aed04bd9acef76599fc5b111_6480_4320_3224900.0x0.jpg' alt=''></span></p><p><br></p><p><span style='font-size: 14px; font-family: 宋体, SimSun;'>The Joker is Back——Joyside乐队十年回归，三城专场。</span></p><p><br></p><p><span style='font-size: 14px; font-family: 宋体, SimSun;'>6月14日 北京 糖果TANGO</span></p><p><span style='font-size: 14px; font-family: 宋体, SimSun;'>6月21日 成都 正火艺术中心1号馆</span></p><p><br></p><p><span style='font-size: 14px; font-family: 宋体, SimSun;'>朋友们，现场见！</span></p><p><br></p><p><img src='https://s2.showstart.com/img/2019/20190508/bef269f564774590813e7cd462edb646_6480_4320_4301054.0x0.jpg?imageMogr2/thumbnail/640x/gravity/Center/crop/640x' title='/img/2019/20190508/bef269f564774590813e7cd462edb646_6480_4320_4301054.0x0.jpg' alt=''></p><p><br></p><p><span style='font-size: 14px; font-family: 宋体, SimSun;'>【关于Joyside乐队】</span></p><p><br></p><p><span style='font-size: 14px; font-family: 宋体, SimSun;'>成立于2001年的北京。经历三任吉他手和四任鼓手，最终阵容定格为主唱边远，吉他手虹位，贝斯手刘昊，鼓手关铮。出版过三张全长专辑，两张欧洲版专辑，EP, DEMO若干，</span></p><p><span style='font-size: 14px; font-family: 宋体, SimSun;'>以及散落民间的多版本bootleg。主演了三部纪录片。两次经历欧洲巡演。曾先后签约摩登天空和兵马司唱片。陪伴中国地下摇滚乐走过了黄金十年。2009年首届张北音乐节之后突然宣布解散，2009年9月12日在北京的Mao Livehouse谢幕演出，亲手终结了一段历史。</span></p><p><span style='font-size: 14px; font-family: 宋体, SimSun;'>2019年4月1日，Joyside原班人马重组，宣布正式回归。</span></p><p><span style='font-size: 14px; font-family: 宋体, SimSun;'><br></span></p><p><span style='font-size: 14px; font-family: 宋体, SimSun;'><img src='https://s2.showstart.com/img/2019/20190508/5a4f4c80c89149abb1d95b34e441f910_1000_1500_725725.0x0.jpg?imageMogr2/thumbnail/640x/gravity/Center/crop/640x' title='/img/2019/20190508/5a4f4c80c89149abb1d95b34e441f910_1000_1500_725725.0x0.jpg' alt=''></span></p><p><span style='font-size: 14px; font-family: 宋体, SimSun;'><img src='https://s2.showstart.com/img/2019/20190508/c139d2b8755847a3987a7226cfb2a699_1000_1500_771448.0x0.jpg?imageMogr2/thumbnail/640x/gravity/Center/crop/640x' title='/img/2019/20190508/c139d2b8755847a3987a7226cfb2a699_1000_1500_771448.0x0.jpg' alt=''></span></p><p><span style='font-size: 14px; font-family: 宋体, SimSun;'><img src='https://s2.showstart.com/img/2019/20190508/bcc3e2456dc34d48b092107c37edbfab_1000_1500_744538.0x0.jpg?imageMogr2/thumbnail/640x/gravity/Center/crop/640x' title='/img/2019/20190508/bcc3e2456dc34d48b092107c37edbfab_1000_1500_744538.0x0.jpg' alt=''></span></p><p><span style='font-size: 14px; font-family: 宋体, SimSun;'><img src='https://s2.showstart.com/img/2019/20190508/3dc334f010134054bd1686c7064a2b21_1000_1500_822069.0x0.jpg?imageMogr2/thumbnail/640x/gravity/Center/crop/640x' title='/img/2019/20190508/3dc334f010134054bd1686c7064a2b21_1000_1500_822069.0x0.jpg' alt=''></span></p><p><br></p><p><br></p><p><br></p><p style='margin-top:0;margin-right:0;margin-bottom:0;margin-left:0;text-indent:0;padding:0 0 0 0 ;text-autospace:ideograph-numeric;text-align:justify;text-justify:inter-ideograph;line-height:150%'><strong><span style='font-family: 宋体;line-height: 150%;letter-spacing: 0;font-size: 14px'><span style='font-family:宋体'>购票须知</span></span></strong></p><p style='margin-top:0;margin-right:0;margin-bottom:0;margin-left:0;text-indent:0;padding:0 0 0 0 ;text-autospace:ideograph-numeric;text-align:justify;text-justify:inter-ideograph;line-height:150%'><strong><span style='font-family: 宋体;line-height: 150%;letter-spacing: 0;font-size: 14px'>1.本场演出不支持退换票，如无法正常观看，还请自行处理，给您带来不便敬请谅解；</span></strong></p><p style='margin-top:0;margin-right:0;margin-bottom:0;margin-left:0;text-indent:0;padding:0 0 0 0 ;text-autospace:ideograph-numeric;text-align:justify;text-justify:inter-ideograph;line-height:150%'><strong><span style='font-family: 宋体;line-height: 150%;letter-spacing: 0;font-size: 14px'>2.本场演出凭电子票二维码核验入场，无实体票，场地内不设座位，均为站席观演；</span></strong></p><p style='margin-top:0;margin-right:0;margin-bottom:0;margin-left:0;text-indent:0;padding:0 0 0 0 ;text-autospace:ideograph-numeric;text-align:justify;text-justify:inter-ideograph;line-height:150%'><strong><span style='font-family: 宋体;line-height: 150%;letter-spacing: 0;font-size: 14px'>3.请勿发布任何形式的转票信息。</span></strong></p><p><br></p>");


-- 艺人与演出关联表
CREATE TABLE arshows(
    asid INT PRIMARY KEY AUTO_INCREMENT,
    -- 关联艺人
    aid INT,
    -- 关联演出
    sid INT,
    FOREIGN KEY (sid) REFERENCES shows(sid),
    FOREIGN KEY (aid) REFERENCES artists(aid)
);
INSERT INTO arshows VALUES
    (NULL,4,1),(NULL,13,2),(NULL,6,1),(NULL,9,2),(NULL,17,2),(NULL,6,2),(NULL,15,1),(NULL,5,1),(NULL,11,2),(NULL,8,2),(NULL,7,2),(NULL,19,2),(NULL,4,3),(NULL,18,1),(NULL,20,4),(NULL,16,2),(NULL,17,2),(NULL,6,4),(NULL,11,2),(NULL,12,4),(NULL,12,3),(NULL,16,1),(NULL,5,4),(NULL,6,1),(NULL,10,4),(NULL,12,4),(NULL,11,2),(NULL,5,1),(NULL,4,3),(NULL,2,2),(NULL,18,2),(NULL,14,3),(NULL,10,1),(NULL,19,1),(NULL,14,4),(NULL,7,2),(NULL,15,4),(NULL,8,3),(NULL,4,2),(NULL,7,3),(NULL,6,2),(NULL,11,1),(NULL,16,2),(NULL,3,4),(NULL,7,4),(NULL,19,4),(NULL,19,1),(NULL,14,1),(NULL,9,4),(NULL,8,1),(NULL,14,4),(NULL,17,4),(NULL,7,4),(NULL,3,2),(NULL,7,4),(NULL,8,4),(NULL,20,1),(NULL,13,1),(NULL,5,4),(NULL,19,4),(NULL,12,6),(NULL,6,6),(NULL,19,1),(NULL,5,5),(NULL,16,14),(NULL,15,11),(NULL,4,1),(NULL,4,10),(NULL,2,4),(NULL,1,14),(NULL,5,4),(NULL,10,4),(NULL,4,1),(NULL,15,10),(NULL,20,1),(NULL,20,7),(NULL,5,12),(NULL,6,9),(NULL,14,12),(NULL,4,14),(NULL,16,20),(NULL,16,16),(NULL,16,18),(NULL,14,7),(NULL,13,17),(NULL,10,2),(NULL,13,20),(NULL,6,6),(NULL,1,4),(NULL,7,14),(NULL,15,12),(NULL,16,4),(NULL,15,17),(NULL,7,3),(NULL,1,2),(NULL,7,17),(NULL,2,5),(NULL,1,3),(NULL,14,10),(NULL,10,18),(NULL,7,13),(NULL,20,2),(NULL,11,4),(NULL,5,4),(NULL,14,13),(NULL,18,9),(NULL,15,13),(NULL,11,6),(NULL,4,2),(NULL,7,18),(NULL,2,6),(NULL,4,3),(NULL,13,1),(NULL,19,12),(NULL,5,5),(NULL,10,20),(NULL,1,18),(NULL,3,13),(NULL,13,3),(NULL,7,17),(NULL,7,12),(NULL,14,18),(NULL,16,20),(NULL,6,7),(NULL,3,4),(NULL,12,1),(NULL,7,19),(NULL,6,11),(NULL,2,11),(NULL,2,3),(NULL,17,3),(NULL,12,20),(NULL,9,20),(NULL,9,2),(NULL,16,19),(NULL,2,14),(NULL,13,13),(NULL,3,13),(NULL,17,6),(NULL,2,7),(NULL,9,11),(NULL,8,11),(NULL,19,7),(NULL,10,10),(NULL,12,2),(NULL,20,13),(NULL,13,20),(NULL,8,12),(NULL,17,10),(NULL,4,2),(NULL,12,19),(NULL,14,12),(NULL,19,14),(NULL,16,5),(NULL,19,19),(NULL,17,7),(NULL,3,11),(NULL,11,17),(NULL,8,13),(NULL,14,11),(NULL,9,10),(NULL,9,12),(NULL,10,15),(NULL,19,8),(NULL,19,2),(NULL,5,2),(NULL,10,18),(NULL,16,12),(NULL,5,7),(NULL,1,6),(NULL,8,17),(NULL,15,4),(NULL,7,10),(NULL,20,15),(NULL,12,17),(NULL,3,13),(NULL,8,18),(NULL,7,4),(NULL,16,10),(NULL,16,7);
-- 演出现场
CREATE TABLE venues(
    vid INT PRIMARY KEY AUTO_INCREMENT,
    vname VARCHAR(32),
    vphone VARCHAR(11),
    vaddress  VARCHAR(64),
    vpic VARCHAR(128),
    cid INT,
    FOREIGN KEY (cid) REFERENCES cities(cid)
);
-- 1~44
INSERT INTO venues VALUES
    (1,"蘑菇空间.MoguSpace","13651253655","北京市海淀区北下关交大东路66号钻河中心2号楼102号蘑菇商店","images/show_performance/01MoguSpace.jpg",1),
    (2,"PINKMOON.樂暮","13651253655","东城区南锣鼓巷雨儿胡同2号{非遗博物馆}2楼{靠近中央戏剧学院}","images/show_performance/02PINKMOON.jpg",1),
    (3,"MAO Livehouse北京","010-68156770","海淀区复兴路69号院2号136-G23Mao livehouse","images/show_performance/03MAOLivehouse.jpg",1),
    (4,"疆进酒·OMNI SPACE","13241688210","北京市西城区天桥南大街9号天桥艺术中心b103疆进酒OMNI SPACE",
   "⁨images/show_performance/040MNISPACE.jpg",1),
    (5,"上海 MAO Livehouse","021-64450086","上海市黄浦区重庆南路308号3楼","images/show_performance/06shanghaiMao.jpg",2),
    (6,"育音堂音乐公园","021—52378662","上海市长宁区愚园路1398号地下一层B1-02","images/show_performance/07yyt.jpg",2),
    (7,"上海 MODERNSKY LAB","65807180","上海市虹口区瑞虹天地月亮湾3楼ModernSkyLAB摩登天空","images/show_performance/08modlab.jpg",2),
    (8,"育音堂","021-52378662","长宁区凯旋路851号","images/show_performance/09yyt.jpg",3),
    (9,"MAO Livehouse广州","18816894336","广州市海珠区新港东路1088号六元素体验天地一层 MAO Livehouse广州","images/show_performance/10gzmao.jpg",3),
    (10,"江苏大剧院歌剧厅","123666666666","江苏省南京市建邺区梦都大街181号江苏大剧院","image/show_performance/45jsdjy.jpg",11),
    (11,"TU凸空间","12345678900","广州大道中361-365号东方花苑大厦首层TU凸空间","images/show_performance/11tu.jpg",3),
    (12,"SDlivehouse","12366666666","广东省广州市海珠区工业大道北32号花城往事","images/show_performance/12sd.jpg",3),
    (13,"191space","123666666666","广州市越秀区广州大道中路191号(近五羊村地铁站A出口)191Space酒吧","images/show_performance/13space.jpg",3),
    (14,"NU SPACE","18602858900","四川省成都市青羊区奎星楼街9号，明堂创意工作区-B区•NU SPACE ","images/show_performance/14nu.jpg",4),
    (15,"小酒馆芳沁店","123666666666","永丰路47号丰尚玉林商务港1楼小酒馆(芳沁店)","images/show_performance/15xjg.jpg",4),
    (16,"乐空间 - 成都店","123666666666","四川省成都市龙泉驿区外东洪路成都乐空间space","images/show_performance/16lkj.jpg",4),
    (17,"正火艺术中心1号馆","123666666666","成都·东洪路666号梵木创艺区·正火艺术中心","images/show_performance/17zhys.jpg",4),
    (18,"HOU LIVE","123666666666","深圳市福田区滨河大道9289号KK ONE购物中心负一层B112a（地铁9号线下沙站B出口）","images/show_performance/18hou.jpg",5),
    (19,"B10现场","123666666666","南山区香山东街华侨城创意文化园北区C2栋北侧B10现场","images/show_performance/19b10.jpg",5),
    (20,"南山文体中心剧院大剧院","123666666666","深圳市南山区南山大道南山文体中心","images/show_performance/20nan.jpg",5),
    (21,"红糖罐Public现场（上步店）","123666666666","广东省深圳市福田区上步南路1031号红糖罐live上步店","images/show_performance/21red.jpg",5),
    (22,"杭州 MAO Livehouse","123666666666","浙江省杭州市上城区中山南路77号尚城1157三楼MAOLiveHouse杭州","images/show_performance/22hzmao.jpg",6),
    (23,"酒球会","123666666666","杭州市西湖区万塘路262号酒球会(杭州店)","images/show_performance/23jqh.jpg",6),
    (24,"Loopy","123666666666","杭州市上城区中山南路77号利星名品广场F3Loopy","images/show_performance/24loopy.jpg",6),
    (25,"HILivehouse","123666666666","杭州市江干区晓城天地潮玩馆3楼","images/show_performance/25hil",6),
    (26,"武汉 VOX LIVEHOUSE","123666666666","鲁磨路118号国光大厦VOX LIVEHOUSE","images/show_performance/26vox.jpg",7),
    (27,"武汉 L7 Livehouse","123666666666","湖北省武汉市洪山区珞狮路421-1号L7Livehouse","images/show_performance/27l7.jpg",7),
    (28,"武汉剧院","123666666666","江岸区解放大道1012号","images/show_performance/28whjy.jpg",7),
    (29,"湖北剧院","123666666666","武汉市武昌阅马场西厂口1号","images/show_performance/29hbjy.jpg",7),
    (30,"西安 1935 livehouse","13572124398","西安市新城区太华南路251号1935小剧场集群壹剧场","images/show_performance/301935.jpg",8),
    (31,"无穹俱乐部","123666666666","文昌门古玩城无穹俱乐部","images/show_performance/31wq.jpg",8),
    (32,"光圈CLUB","123666666666","环城西路南段1号光圈APERTURE CLUB","images/show_performance/32gq.jpg",8),
    (33,"拾陆原创音乐展演中心","123666666666","陕西省西安市雁塔区光泰路6号拾陆原创音乐展演中心","images/show_performance/33slyc.jpg",8),
    (34,"坚果（NUTS）","123666666666","渝中区 较场口90号得意潮馆负一楼B1-21","images/show_performance/34nuts.jpg",9),
    (35,"重庆 VOX LIVEHOUSE","123666666666","重庆市九龙坡区奥体路1号中新小时代KLANDL1层117a-119aVOX LIVEHOUSE","images/show_performance/35vox.jpg",9),
    (36,"重庆 文化宫大剧院","123666666666","重庆市渝中区中山二路174号文化宫-大剧院","images/show_performance/36cqwhg.jpg",9),
    (37,"重庆 寅派动力","123666666666","重庆市九龙坡区奥体路1号城上城·KLAND小时代乐园F5寅派动力·重庆","images/show_performance/37ypdl.jpg",9),
    (38,"VOX LIVEHOUSE长沙","123666666666","湖南省长沙市天心区书院南路 799 号南湖东怡大厦外国生活馆负一楼","images/show_performance/38vox.jpg",10),
    (39,"46LIVEHOUSE","123666666666","长沙市岳麓区新民路52号湘财大厦负一楼","images/show_performance/39sllive.jpg",10),
    (40,"Red Club红咖俱乐部","123666666666","中山路249号琴岛3层红咖俱乐部","images/show_performance/redc.jpg",10),
    (41,"MAO Livehouse长沙","123666666666","长沙市开福区五一广场黄兴中路 粉巢24H MALL 三楼 L3-01号","images/show_performance/41maocs.jpg",10),
    (42,"欧拉艺术空间","123666666666","阳光路3号(太阳宫演艺广场B1层)欧拉艺术空间","images/show_performance/42olys.jpg",11),
    (43,"稻香音乐空间","123666666666","南京市建邺区南京奥林匹克体育中心内A18柱子对面稻香音乐空间（星巴克旁）","images/show_performance/43dxm.jpg",11),
    (44,"不醉不归","123666666666","南京市玄武区常发广场-4幢 88-142号","images/show_performance/44bzbg.jpg",11);
    
-- 场次
CREATE TABLE tours(
    tid INT PRIMARY KEY AUTO_INCREMENT,
    -- 关联现场 1~44
    vid INT, 
    -- 关联演出 1~20
    sid INT, 
    -- 总票数
    count INT,
    -- 价格
    price DECIMAL,
    -- 开始时间
    time BIGINT,
    -- 结束时间
    endtime BIGINT,
    FOREIGN KEY (vid) REFERENCES venues(vid),
    FOREIGN KEY (sid) REFERENCES shows(sid)
);
-- 1~300
INSERT INTO tours VALUES
    (NULL, 12, 20, 143, 570, 1577456907000, 1577464107000),(NULL, 1, 7, 149, 1040, 1577003669000, 1577009069000),(NULL, 21, 18, 238, 1090, 1573312042000, 1573319242000),(NULL, 3, 5, 157, 480, 1563798955000, 1563806155000),(NULL, 44, 11, 249, 360, 1562294092000, 1562299492000),(NULL, 41, 7, 212, 230, 1572692795000, 1572699995000),(NULL, 2, 13, 140, 270, 1572783614000, 1572789014000),(NULL, 21, 15, 201, 430, 1569658022000, 1569665222000),(NULL, 37, 18, 167, 460, 1563922061000, 1563925661000),(NULL, 19, 9, 263, 700, 1575824163000, 1575831363000),(NULL, 4, 19, 201, 720, 1567905836000, 1567913036000),(NULL, 41, 12, 120, 540, 1563565278000, 1563572478000),(NULL, 26, 1, 123, 1030, 1564779726000, 1564786926000),(NULL, 19, 9, 225, 770, 1567590105000, 1567593705000),(NULL, 31, 11, 196, 970, 1568846890000, 1568852290000),(NULL, 12, 1, 281, 830, 1574788770000, 1574794170000),(NULL, 17, 17, 124, 1050, 1572038071000, 1572045271000),(NULL, 24, 1, 197, 710, 1564506130000, 1564509730000),(NULL, 35, 12, 221, 940, 1564739587000, 1564743187000),(NULL, 5, 4, 224, 410, 1560570218000, 1560577418000),(NULL, 24, 13, 210, 190, 1574557102000, 1574564302000),(NULL, 39, 2, 258, 760, 1563333901000, 1563339301000),(NULL, 15, 7, 178, 950, 1574290840000, 1574298040000),(NULL, 16, 15, 183, 540, 1566836550000, 1566841950000),(NULL, 41, 3, 287, 250, 1573384622000, 1573388222000),(NULL, 27, 3, 192, 510, 1576200133000, 1576203733000),(NULL, 23, 3, 156, 990, 1573405946000, 1573411346000),(NULL, 15, 8, 248, 380, 1572410697000, 1572414297000),(NULL, 43, 14, 219, 220, 1564667841000, 1564673241000),(NULL, 7, 4, 262, 990, 1575127774000, 1575131374000),(NULL, 33, 11, 138, 690, 1563200850000, 1563206250000),(NULL, 5, 7, 115, 740, 1563846250000, 1563849850000),(NULL, 3, 18, 171, 180, 1568020828000, 1568026228000),(NULL, 1, 6, 220, 580, 1577557210000, 1577562610000),(NULL, 3, 5, 165, 420, 1575921923000, 1575927323000),(NULL, 25, 19, 139, 360, 1561549890000, 1561553490000),(NULL, 3, 10, 175, 320, 1560514782000, 1560521982000),(NULL, 7, 7, 101, 790, 1570115110000, 1570120510000),(NULL, 13, 13, 104, 560, 1571384473000, 1571389873000),(NULL, 10, 4, 273, 690, 1560752100000, 1560755700000),(NULL, 9, 4, 207, 400, 1560886169000, 1560891569000),(NULL, 19, 3, 270, 210, 1569310547000, 1569314147000),(NULL, 8, 9, 201, 1000, 1568622065000, 1568629265000),(NULL, 8, 10, 234, 910, 1571164905000, 1571172105000),(NULL, 25, 4, 134, 950, 1562286905000, 1562292305000),(NULL, 43, 14, 232, 230, 1568657668000, 1568661268000),(NULL, 23, 2, 273, 890, 1568752711000, 1568758111000),(NULL, 33, 14, 158, 700, 1563424143000, 1563431343000),(NULL, 38, 17, 270, 380, 1567142004000, 1567147404000),(NULL, 39, 7, 245, 420, 1571686457000, 1571693657000),(NULL, 34, 18, 288, 350, 1562142365000, 1562147765000),(NULL, 40, 17, 208, 640, 1569895501000, 1569899101000),(NULL, 42, 17, 112, 410, 1575643938000, 1575647538000),(NULL, 10, 4, 293, 750, 1568187745000, 1568194945000),(NULL, 32, 11, 165, 850, 1575276195000, 1575281595000),(NULL, 18, 1, 268, 740, 1571072541000, 1571079741000),(NULL, 43, 19, 194, 360, 1561750978000, 1561758178000),(NULL, 19, 19, 287, 260, 1567311394000, 1567314994000),(NULL, 31, 5, 287, 370, 1575017452000, 1575021052000),(NULL, 40, 8, 215, 1040, 1577546436000, 1577553636000),(NULL, 11, 10, 198, 160, 1566297408000, 1566301008000),(NULL, 40, 6, 151, 520, 1570030064000, 1570037264000),(NULL, 12, 9, 249, 730, 1565947682000, 1565951282000),(NULL, 7, 14, 235, 250, 1568022715000, 1568029915000),(NULL, 31, 9, 290, 1080, 1574955906000, 1574959506000),(NULL, 32, 14, 240, 1020, 1569300971000, 1569306371000),(NULL, 29, 2, 264, 230, 1567276881000, 1567284081000),(NULL, 13, 2, 126, 670, 1576463298000, 1576468698000),(NULL, 6, 20, 201, 650, 1576788042000, 1576793442000),(NULL, 15, 5, 234, 1010, 1565472674000, 1565478074000),(NULL, 25, 2, 212, 710, 1565881706000, 1565888906000),(NULL, 2, 14, 182, 170, 1575642385000, 1575645985000),(NULL, 31, 11, 253, 120, 1564076646000, 1564082046000),(NULL, 24, 4, 119, 800, 1561109753000, 1561113353000),(NULL, 16, 16, 263, 1010, 1576872972000, 1576876572000),(NULL, 6, 6, 134, 630, 1575651311000, 1575658511000),(NULL, 24, 3, 251, 590, 1575525328000, 1575532528000),(NULL, 28, 2, 189, 260, 1573560020000, 1573565420000),(NULL, 26, 1, 217, 1040, 1564481092000, 1564486492000),(NULL, 32, 16, 174, 360, 1569424370000, 1569431570000),(NULL, 14, 17, 277, 860, 1567940383000, 1567945783000),(NULL, 12, 4, 167, 1060, 1569465441000, 1569472641000),(NULL, 7, 2, 108, 320, 1573880744000, 1573884344000),(NULL, 40, 4, 215, 870, 1575094177000, 1575101377000),(NULL, 14, 6, 115, 620, 1567131682000, 1567138882000),(NULL, 35, 10, 199, 730, 1577128870000, 1577134270000),(NULL, 20, 10, 226, 380, 1561372253000, 1561377653000),(NULL, 15, 3, 149, 1020, 1572435277000, 1572440677000),(NULL, 3, 5, 130, 1060, 1564449204000, 1564454604000),(NULL, 29, 19, 159, 850, 1569831264000, 1569838464000),(NULL, 12, 11, 140, 280, 1564876359000, 1564879959000),(NULL, 14, 6, 183, 300, 1570143497000, 1570147097000),(NULL, 20, 1, 110, 410, 1577597381000, 1577602781000),(NULL, 38, 12, 148, 900, 1574778367000, 1574783767000),(NULL, 39, 10, 148, 550, 1562193116000, 1562200316000),(NULL, 19, 16, 118, 1060, 1571520909000, 1571524509000),(NULL, 40, 17, 202, 590, 1571581784000, 1571587184000),(NULL, 36, 9, 139, 760, 1569934216000, 1569937816000),(NULL, 32, 16, 139, 970, 1574385632000, 1574392832000),(NULL, 14, 7, 230, 220, 1561263151000, 1561268551000),(NULL, 37, 18, 217, 390, 1564096178000, 1564099778000),(NULL, 6, 3, 210, 170, 1561844650000, 1561850050000),(NULL, 24, 2, 175, 280, 1568445569000, 1568449169000),(NULL, 14, 10, 215, 540, 1567729098000, 1567734498000),(NULL, 5, 17, 256, 860, 1562941569000, 1562948769000),(NULL, 31, 5, 282, 150, 1572030417000, 1572035817000),(NULL, 27, 10, 244, 570, 1570502343000, 1570505943000),(NULL, 26, 3, 299, 180, 1568857035000, 1568860635000),(NULL, 20, 19, 248, 960, 1571371874000, 1571379074000),(NULL, 14, 15, 192, 440, 1573405447000, 1573409047000),(NULL, 29, 1, 299, 150, 1572148721000, 1572154121000),(NULL, 28, 5, 213, 140, 1569451329000, 1569458529000),(NULL, 40, 6, 244, 610, 1571538275000, 1571543675000),(NULL, 4, 20, 238, 130, 1565179088000, 1565184488000),(NULL, 34, 15, 132, 830, 1576198160000, 1576203560000),(NULL, 28, 8, 224, 630, 1561659929000, 1561663529000),(NULL, 1, 10, 182, 720, 1560522808000, 1560530008000),(NULL, 40, 14, 148, 870, 1562530192000, 1562535592000),(NULL, 8, 16, 184, 910, 1561516494000, 1561520094000),(NULL, 44, 9, 170, 910, 1570634607000, 1570641807000),(NULL, 29, 2, 198, 240, 1564474552000, 1564479952000),(NULL, 8, 12, 214, 120, 1565437766000, 1565441366000),(NULL, 9, 3, 219, 780, 1566411070000, 1566416470000),(NULL, 1, 18, 242, 880, 1561649185000, 1561654585000),(NULL, 27, 5, 239, 300, 1573100594000, 1573105994000),(NULL, 40, 9, 180, 250, 1566473650000, 1566480850000),(NULL, 15, 7, 166, 610, 1564589023000, 1564594423000),(NULL, 2, 1, 264, 370, 1568006264000, 1568009864000),(NULL, 44, 11, 207, 410, 1568084396000, 1568087996000),(NULL, 17, 6, 153, 240, 1568915358000, 1568920758000),(NULL, 16, 3, 275, 690, 1560747700000, 1560753100000),(NULL, 19, 3, 176, 460, 1564281004000, 1564286404000),(NULL, 14, 7, 113, 300, 1576510226000, 1576513826000),(NULL, 40, 5, 132, 650, 1576150961000, 1576158161000),(NULL, 9, 5, 108, 330, 1569720495000, 1569725895000),(NULL, 24, 5, 177, 860, 1569789920000, 1569797120000),(NULL, 11, 1, 215, 1030, 1573296521000, 1573301921000),(NULL, 12, 9, 146, 940, 1576659830000, 1576667030000),(NULL, 34, 15, 292, 660, 1565212966000, 1565220166000),(NULL, 6, 11, 254, 790, 1572005542000, 1572010942000),(NULL, 19, 2, 208, 900, 1570302693000, 1570308093000),(NULL, 3, 17, 163, 640, 1564358388000, 1564365588000),(NULL, 27, 20, 269, 920, 1572834704000, 1572840104000),(NULL, 15, 5, 107, 990, 1574941019000, 1574946419000),(NULL, 21, 9, 119, 160, 1566723409000, 1566730609000),(NULL, 26, 1, 229, 450, 1570433914000, 1570441114000),(NULL, 35, 8, 267, 840, 1572601563000, 1572606963000),(NULL, 11, 15, 167, 830, 1560780162000, 1560787362000),(NULL, 31, 20, 253, 1050, 1574207342000, 1574212742000),(NULL, 39, 4, 249, 730, 1563475348000, 1563478948000),(NULL, 26, 15, 203, 110, 1566313326000, 1566320526000),(NULL, 19, 12, 163, 940, 1575388515000, 1575395715000),(NULL, 12, 13, 129, 680, 1565149723000, 1565155123000),(NULL, 7, 3, 215, 840, 1571972682000, 1571979882000),(NULL, 12, 6, 265, 380, 1563574720000, 1563578320000),(NULL, 27, 1, 106, 760, 1571667392000, 1571674592000),(NULL, 40, 11, 282, 630, 1575934377000, 1575937977000),(NULL, 21, 15, 172, 190, 1576943167000, 1576950367000),(NULL, 26, 18, 144, 410, 1568256809000, 1568262209000),(NULL, 10, 2, 269, 770, 1568663491000, 1568668891000),(NULL, 31, 17, 226, 840, 1560547127000, 1560554327000),(NULL, 43, 8, 251, 140, 1569436756000, 1569442156000),(NULL, 21, 16, 289, 790, 1573236969000, 1573244169000),(NULL, 1, 17, 224, 1080, 1575157926000, 1575165126000),(NULL, 11, 15, 185, 810, 1562808698000, 1562815898000),(NULL, 12, 19, 219, 970, 1564030816000, 1564034416000),(NULL, 34, 5, 228, 400, 1561457905000, 1561463305000),(NULL, 38, 16, 258, 840, 1574141147000, 1574148347000),(NULL, 2, 16, 299, 1080, 1577046533000, 1577050133000),(NULL, 33, 15, 245, 1040, 1572183196000, 1572188596000),(NULL, 5, 8, 245, 960, 1573762730000, 1573769930000),(NULL, 21, 8, 131, 610, 1563899729000, 1563905129000),(NULL, 3, 8, 205, 370, 1572393458000, 1572400658000),(NULL, 27, 15, 224, 650, 1576316407000, 1576321807000),(NULL, 2, 10, 176, 840, 1567807118000, 1567814318000),(NULL, 2, 13, 199, 590, 1563484276000, 1563489676000),(NULL, 21, 5, 217, 490, 1562981593000, 1562988793000),(NULL, 12, 16, 186, 550, 1564358963000, 1564364363000),(NULL, 8, 10, 151, 710, 1576790177000, 1576797377000),(NULL, 20, 19, 160, 750, 1561934420000, 1561941620000),(NULL, 3, 8, 167, 240, 1569739676000, 1569745076000),(NULL, 3, 18, 146, 350, 1574789121000, 1574796321000),(NULL, 33, 6, 150, 230, 1567063153000, 1567068553000),(NULL, 37, 19, 230, 390, 1570510920000, 1570514520000),(NULL, 14, 1, 197, 570, 1564910816000, 1564914416000),(NULL, 16, 20, 171, 750, 1577066865000, 1577074065000),(NULL, 1, 8, 284, 1070, 1565096714000, 1565102114000),(NULL, 21, 5, 122, 940, 1561995969000, 1562001369000),(NULL, 42, 3, 146, 240, 1569322606000, 1569329806000),(NULL, 44, 13, 123, 850, 1569130638000, 1569134238000),(NULL, 4, 16, 296, 970, 1576797235000, 1576802635000),(NULL, 38, 7, 209, 670, 1562501026000, 1562508226000),(NULL, 23, 4, 208, 490, 1563594851000, 1563600251000),(NULL, 41, 8, 103, 1010, 1576611829000, 1576619029000),(NULL, 14, 8, 164, 670, 1569805289000, 1569812489000),(NULL, 40, 12, 152, 150, 1570154906000, 1570160306000),(NULL, 13, 10, 276, 860, 1570219998000, 1570225398000),(NULL, 21, 11, 250, 810, 1570431579000, 1570435179000),(NULL, 2, 17, 157, 170, 1572003787000, 1572009187000),(NULL, 44, 20, 141, 300, 1575651433000, 1575655033000),(NULL, 24, 15, 186, 730, 1560394986000, 1560398586000),(NULL, 1, 5, 294, 1000, 1575376353000, 1575383553000),(NULL, 22, 1, 268, 100, 1563683159000, 1563686759000),(NULL, 35, 12, 100, 410, 1574242724000, 1574248124000),(NULL, 9, 10, 203, 270, 1570567206000, 1570574406000),(NULL, 15, 14, 272, 210, 1574552359000, 1574557759000),(NULL, 10, 17, 138, 1060, 1570138981000, 1570146181000),(NULL, 3, 19, 205, 130, 1562310559000, 1562315959000),(NULL, 14, 8, 236, 860, 1568757881000, 1568763281000),(NULL, 39, 15, 285, 490, 1571664495000, 1571668095000),(NULL, 8, 19, 146, 350, 1568491123000, 1568494723000),(NULL, 40, 9, 124, 1050, 1577178875000, 1577182475000),(NULL, 39, 9, 151, 110, 1563481845000, 1563487245000),(NULL, 23, 20, 258, 530, 1572323916000, 1572327516000),(NULL, 5, 5, 228, 370, 1569536697000, 1569542097000),(NULL, 28, 4, 268, 770, 1572669724000, 1572673324000),(NULL, 32, 8, 260, 780, 1569513787000, 1569520987000),(NULL, 21, 6, 121, 530, 1562671247000, 1562676647000),(NULL, 8, 14, 201, 710, 1573854825000, 1573858425000),(NULL, 22, 15, 123, 400, 1575105512000, 1575112712000),(NULL, 39, 2, 276, 380, 1576137240000, 1576140840000),(NULL, 4, 5, 289, 140, 1566622966000, 1566628366000),(NULL, 24, 11, 154, 230, 1561401683000, 1561405283000),(NULL, 7, 7, 176, 190, 1576756545000, 1576763745000),(NULL, 2, 14, 122, 470, 1563599310000, 1563606510000),(NULL, 25, 12, 209, 820, 1567622594000, 1567629794000),(NULL, 42, 8, 103, 210, 1560327065000, 1560332465000),(NULL, 13, 5, 187, 270, 1568134265000, 1568137865000),(NULL, 3, 1, 152, 180, 1563238991000, 1563244391000),(NULL, 17, 11, 187, 520, 1564592118000, 1564599318000),(NULL, 42, 5, 268, 390, 1574619340000, 1574626540000),(NULL, 37, 20, 131, 840, 1577059427000, 1577064827000),(NULL, 16, 2, 196, 620, 1576170602000, 1576176002000),(NULL, 23, 2, 244, 900, 1575446492000, 1575450092000),(NULL, 44, 3, 214, 1070, 1576619597000, 1576624997000),(NULL, 26, 12, 281, 750, 1569064774000, 1569071974000),(NULL, 2, 11, 238, 1080, 1564579841000, 1564587041000),(NULL, 43, 14, 136, 130, 1575067779000, 1575074979000),(NULL, 8, 3, 113, 380, 1562517029000, 1562522429000),(NULL, 18, 11, 175, 370, 1572010836000, 1572018036000),(NULL, 33, 5, 109, 350, 1561279633000, 1561285033000),(NULL, 7, 6, 271, 460, 1562719811000, 1562723411000),(NULL, 39, 3, 126, 580, 1568325084000, 1568330484000),(NULL, 35, 6, 128, 600, 1565408997000, 1565414397000),(NULL, 22, 17, 185, 560, 1569919106000, 1569922706000),(NULL, 28, 20, 289, 860, 1570477097000, 1570484297000),(NULL, 33, 10, 136, 1060, 1565424636000, 1565431836000),(NULL, 34, 10, 145, 620, 1574998647000, 1575005847000),(NULL, 7, 16, 108, 360, 1574261542000, 1574266942000),(NULL, 3, 15, 189, 430, 1565868688000, 1565875888000),(NULL, 22, 11, 170, 800, 1563661719000, 1563665319000),(NULL, 19, 8, 144, 1030, 1568566153000, 1568569753000),(NULL, 23, 16, 114, 940, 1570256753000, 1570263953000),(NULL, 9, 19, 100, 580, 1576460733000, 1576467933000),(NULL, 32, 15, 167, 800, 1570532645000, 1570536245000),(NULL, 38, 3, 276, 310, 1570195791000, 1570202991000),(NULL, 11, 17, 246, 870, 1567235753000, 1567239353000),(NULL, 34, 2, 290, 680, 1577522105000, 1577525705000),(NULL, 1, 2, 295, 430, 1573902206000, 1573905806000),(NULL, 39, 5, 112, 530, 1569310769000, 1569314369000),(NULL, 28, 17, 113, 1020, 1564104835000, 1564108435000),(NULL, 26, 14, 257, 720, 1568487900000, 1568491500000),(NULL, 39, 6, 160, 570, 1567142936000, 1567148336000),(NULL, 4, 11, 174, 620, 1577557997000, 1577565197000),(NULL, 20, 2, 285, 320, 1570311345000, 1570316745000),(NULL, 12, 8, 133, 400, 1570628102000, 1570635302000),(NULL, 36, 8, 183, 990, 1567023241000, 1567026841000),(NULL, 37, 4, 182, 840, 1571687011000, 1571690611000),(NULL, 28, 13, 189, 940, 1575956182000, 1575961582000),(NULL, 44, 12, 139, 1020, 1573754249000, 1573757849000),(NULL, 9, 17, 258, 850, 1576967710000, 1576974910000),(NULL, 14, 3, 278, 260, 1563072531000, 1563076131000),(NULL, 4, 6, 231, 350, 1569216218000, 1569219818000),(NULL, 23, 7, 268, 1070, 1564482005000, 1564485605000),(NULL, 33, 4, 220, 510, 1572662923000, 1572666523000),(NULL, 31, 20, 200, 780, 1570044623000, 1570048223000),(NULL, 36, 9, 159, 860, 1568874964000, 1568882164000),(NULL, 32, 10, 114, 190, 1561253459000, 1561260659000),(NULL, 3, 14, 141, 280, 1567410560000, 1567415960000),(NULL, 31, 18, 262, 240, 1565040706000, 1565044306000),(NULL, 16, 3, 247, 1000, 1571122668000, 1571128068000),(NULL, 29, 16, 143, 110, 1570096352000, 1570101752000),(NULL, 41, 16, 297, 240, 1561331149000, 1561338349000),(NULL, 28, 6, 130, 400, 1573637938000, 1573641538000),(NULL, 19, 20, 291, 200, 1572678708000, 1572682308000),(NULL, 24, 10, 180, 190, 1567888294000, 1567895494000),(NULL, 29, 17, 261, 120, 1575474322000, 1575479722000),(NULL, 11, 20, 228, 650, 1572256907000, 1572262307000),(NULL, 4, 5, 295, 690, 1560994258000, 1560997858000),(NULL, 18, 7, 234, 530, 1570328439000, 1570335639000),(NULL, 41, 3, 137, 560, 1571376777000, 1571383977000),(NULL, 4, 12, 271, 700, 1561220950000, 1561224550000),(NULL, 40, 13, 137, 220, 1567444592000, 1567448192000),(NULL, 7, 16, 191, 710, 1561681515000, 1561686915000),(NULL, 19, 17, 190, 210, 1569880552000, 1569884152000),(NULL, 42, 20, 204, 1070, 1567904732000, 1567908332000),(NULL, 18, 9, 240, 760, 1564357781000, 1564361381000),(NULL, 40, 11, 235, 200, 1570911012000, 1570916412000),(NULL, 3, 7, 174, 600, 1566161379000, 1566164979000),(NULL, 29, 9, 100, 740, 1570249788000, 1570255188000);




-- 想看演出的人
CREATE TABLE wants(
    wid INT PRIMARY KEY AUTO_INCREMENT,
    -- 关联场次
    tid INT, 
    -- 关联用户
    uid  INT,
    FOREIGN KEY (tid) REFERENCES tours(tid),
    FOREIGN KEY (uid) REFERENCES users(uid)
);
INSERT INTO wants VALUES
    (NULL, 264, 9),(NULL, 240, 9),(NULL, 119, 3),(NULL, 171, 4),(NULL, 195, 5),(NULL, 137, 12),(NULL, 158, 7),(NULL, 290, 6),(NULL, 36, 10),(NULL, 146, 9),(NULL, 267, 8),(NULL, 116, 5),(NULL, 219, 12),(NULL, 141, 9),(NULL, 181, 9),(NULL, 199, 6),(NULL, 117, 1),(NULL, 270, 12),(NULL, 37, 5),(NULL, 281, 7),(NULL, 99, 5),(NULL, 18, 1),(NULL, 219, 6),(NULL, 149, 10),(NULL, 261, 9),(NULL, 118, 8),(NULL, 145, 11),(NULL, 48, 7),(NULL, 15, 11),(NULL, 137, 7),(NULL, 272, 11),(NULL, 143, 4),(NULL, 146, 3),(NULL, 92, 8),(NULL, 90, 10),(NULL, 165, 6),(NULL, 3, 9),(NULL, 100, 8),(NULL, 44, 2),(NULL, 272, 1),(NULL, 212, 2),(NULL, 7, 3),(NULL, 213, 9),(NULL, 121, 9),(NULL, 210, 4),(NULL, 158, 3),(NULL, 54, 8),(NULL, 11, 4),(NULL, 220, 12),(NULL, 202, 6),(NULL, 30, 8),(NULL, 236, 2),(NULL, 143, 6),(NULL, 21, 11),(NULL, 171, 10),(NULL, 248, 6),(NULL, 17, 2),(NULL, 89, 2),(NULL, 175, 9),(NULL, 50, 8),(NULL, 215, 3),(NULL, 211, 4),(NULL, 222, 3),(NULL, 256, 12),(NULL, 222, 12),(NULL, 235, 11),(NULL, 118, 11),(NULL, 249, 9),(NULL, 270, 2),(NULL, 189, 2),(NULL, 226, 8),(NULL, 142, 11),(NULL, 239, 5),(NULL, 132, 2),(NULL, 272, 3),(NULL, 143, 8),(NULL, 210, 7),(NULL, 208, 2),(NULL, 79, 5),(NULL, 26, 6),(NULL, 214, 5),(NULL, 95, 9),(NULL, 113, 8),(NULL, 124, 5),(NULL, 63, 9),(NULL, 219, 7),(NULL, 20, 5),(NULL, 61, 12),(NULL, 13, 11),(NULL, 106, 10),(NULL, 141, 7),(NULL, 21, 1),(NULL, 123, 7),(NULL, 254, 12),(NULL, 287, 1),(NULL, 284, 3),(NULL, 235, 2),(NULL, 183, 2),(NULL, 287, 9),(NULL, 87, 10),(NULL, 112, 6),(NULL, 9, 8),(NULL, 136, 7),(NULL, 159, 1),(NULL, 119, 9),(NULL, 108, 6),(NULL, 212, 12),(NULL, 16, 12),(NULL, 203, 4),(NULL, 132, 10),(NULL, 85, 10),(NULL, 107, 3),(NULL, 42, 6),(NULL, 225, 12),(NULL, 290, 10),(NULL, 171, 3),(NULL, 9, 6),(NULL, 298, 11),(NULL, 249, 6),(NULL, 215, 1),(NULL, 235, 9),(NULL, 27, 5),(NULL, 222, 3),(NULL, 235, 4),(NULL, 292, 3),(NULL, 231, 9),(NULL, 217, 4),(NULL, 232, 12),(NULL, 142, 8),(NULL, 115, 4),(NULL, 15, 11),(NULL, 225, 4),(NULL, 65, 7),(NULL, 99, 3),(NULL, 80, 11),(NULL, 36, 6),(NULL, 112, 4),(NULL, 1, 12),(NULL, 236, 4),(NULL, 117, 2),(NULL, 29, 5),(NULL, 251, 3),(NULL, 58, 5),(NULL, 272, 1),(NULL, 215, 5),(NULL, 11, 9),(NULL, 22, 2),(NULL, 218, 4),(NULL, 243, 11),(NULL, 61, 3),(NULL, 82, 4),(NULL, 275, 3),(NULL, 279, 7),(NULL, 62, 4),(NULL, 211, 10),(NULL, 62, 5),(NULL, 265, 12),(NULL, 227, 1),(NULL, 161, 3),(NULL, 171, 3),(NULL, 127, 9),(NULL, 85, 6),(NULL, 262, 3),(NULL, 101, 5),(NULL, 282, 8),(NULL, 215, 3),(NULL, 265, 7),(NULL, 75, 10),(NULL, 88, 5),(NULL, 40, 11),(NULL, 160, 12),(NULL, 193, 1),(NULL, 83, 2),(NULL, 143, 1),(NULL, 162, 12),(NULL, 246, 2),(NULL, 129, 4),(NULL, 78, 9),(NULL, 21, 6),(NULL, 241, 1),(NULL, 33, 11),(NULL, 111, 3),(NULL, 247, 6),(NULL, 200, 7),(NULL, 229, 12),(NULL, 226, 9),(NULL, 2, 4),(NULL, 166, 6),(NULL, 14, 4),(NULL, 95, 7),(NULL, 127, 12),(NULL, 139, 4),(NULL, 25, 5),(NULL, 81, 3),(NULL, 64, 7),(NULL, 240, 3),(NULL, 70, 4),(NULL, 46, 2),(NULL, 154, 4),(NULL, 278, 9),(NULL, 35, 12),(NULL, 39, 9),(NULL, 4, 9),(NULL, 274, 6),(NULL, 147, 9),(NULL, 9, 4),(NULL, 277, 8),(NULL, 139, 6),(NULL, 264, 4),(NULL, 7, 10),(NULL, 248, 3),(NULL, 180, 4),(NULL, 215, 8),(NULL, 200, 7),(NULL, 207, 5),(NULL, 85, 1),(NULL, 121, 9),(NULL, 235, 10),(NULL, 31, 1),(NULL, 173, 5),(NULL, 133, 12),(NULL, 8, 10),(NULL, 294, 7),(NULL, 41, 5),(NULL, 265, 4),(NULL, 3, 5),(NULL, 2, 12),(NULL, 93, 9),(NULL, 1, 12),(NULL, 72, 7),(NULL, 212, 8),(NULL, 200, 2),(NULL, 246, 6),(NULL, 50, 5),(NULL, 18, 1),(NULL, 182, 10),(NULL, 261, 11),(NULL, 159, 7),(NULL, 76, 4),(NULL, 103, 4),(NULL, 47, 7),(NULL, 39, 2),(NULL, 209, 2),(NULL, 11, 10),(NULL, 290, 7),(NULL, 45, 9),(NULL, 75, 8),(NULL, 93, 9),(NULL, 15, 5),(NULL, 164, 3),(NULL, 131, 10),(NULL, 276, 1),(NULL, 281, 9),(NULL, 196, 11),(NULL, 287, 6),(NULL, 230, 4),(NULL, 259, 4),(NULL, 183, 9),(NULL, 58, 1),(NULL, 92, 9),(NULL, 160, 4),(NULL, 194, 6),(NULL, 29, 11),(NULL, 129, 10),(NULL, 33, 8),(NULL, 183, 4),(NULL, 132, 7),(NULL, 90, 6),(NULL, 196, 9),(NULL, 282, 9),(NULL, 204, 5),(NULL, 280, 7),(NULL, 72, 11),(NULL, 124, 9),(NULL, 90, 6),(NULL, 176, 10),(NULL, 244, 1),(NULL, 96, 3),(NULL, 42, 10),(NULL, 52, 7),(NULL, 277, 10),(NULL, 104, 8),(NULL, 175, 12),(NULL, 57, 5),(NULL, 219, 7),(NULL, 121, 1),(NULL, 29, 8),(NULL, 268, 7),(NULL, 106, 11),(NULL, 256, 3),(NULL, 253, 5),(NULL, 106, 9),(NULL, 190, 8),(NULL, 75, 12),(NULL, 216, 9),(NULL, 203, 8),(NULL, 298, 4),(NULL, 35, 6),(NULL, 82, 11),(NULL, 161, 8),(NULL, 21, 3),(NULL, 43, 2),(NULL, 103, 7),(NULL, 217, 3),(NULL, 71, 3),(NULL, 57, 8),(NULL, 217, 11),(NULL, 13, 11),(NULL, 252, 7),(NULL, 216, 4),(NULL, 226, 7),(NULL, 74, 12),(NULL, 182, 12),(NULL, 17, 7),(NULL, 169, 10),(NULL, 113, 3),(NULL, 183, 5),(NULL, 242, 5),(NULL, 30, 2),(NULL, 287, 7),(NULL, 290, 7),(NULL, 296, 7),(NULL, 28, 6),(NULL, 206, 5),(NULL, 142, 4),(NULL, 195, 6),(NULL, 296, 4),(NULL, 289, 11),(NULL, 112, 3),(NULL, 149, 12),(NULL, 80, 9),(NULL, 59, 3),(NULL, 250, 3),(NULL, 68, 5),(NULL, 37, 5),(NULL, 137, 10),(NULL, 74, 1),(NULL, 266, 12),(NULL, 216, 3),(NULL, 40, 6),(NULL, 223, 6),(NULL, 54, 5),(NULL, 222, 11),(NULL, 111, 3),(NULL, 197, 1),(NULL, 220, 1),(NULL, 53, 10),(NULL, 27, 7),(NULL, 298, 3),(NULL, 158, 5),(NULL, 248, 7),(NULL, 132, 4),(NULL, 149, 9),(NULL, 3, 9),(NULL, 178, 9),(NULL, 161, 11),(NULL, 185, 12),(NULL, 190, 4),(NULL, 160, 9),(NULL, 119, 7),(NULL, 220, 9),(NULL, 182, 1),(NULL, 204, 7),(NULL, 132, 2),(NULL, 42, 1),(NULL, 124, 2),(NULL, 160, 4),(NULL, 116, 3),(NULL, 145, 2),(NULL, 218, 11),(NULL, 151, 9),(NULL, 288, 3),(NULL, 296, 11),(NULL, 41, 11),(NULL, 255, 3),(NULL, 147, 3),(NULL, 96, 11),(NULL, 54, 5),(NULL, 37, 7),(NULL, 138, 12),(NULL, 67, 11),(NULL, 201, 12),(NULL, 127, 5),(NULL, 211, 4),(NULL, 52, 5),(NULL, 14, 9),(NULL, 238, 4),(NULL, 43, 10),(NULL, 90, 7),(NULL, 29, 11),(NULL, 106, 12),(NULL, 263, 6),(NULL, 85, 10),(NULL, 39, 3),(NULL, 148, 10),(NULL, 266, 3),(NULL, 203, 4),(NULL, 73, 5),(NULL, 20, 7),(NULL, 262, 6),(NULL, 234, 2),(NULL, 289, 2),(NULL, 229, 4),(NULL, 40, 3),(NULL, 170, 12),(NULL, 225, 11),(NULL, 224, 3),(NULL, 1, 1),(NULL, 101, 2),(NULL, 229, 10),(NULL, 85, 11),(NULL, 157, 7),(NULL, 85, 9),(NULL, 259, 2),(NULL, 89, 2),(NULL, 263, 9),(NULL, 284, 5),(NULL, 193, 6),(NULL, 87, 5),(NULL, 77, 5),(NULL, 138, 7),(NULL, 279, 5),(NULL, 155, 12),(NULL, 141, 8),(NULL, 24, 3),(NULL, 28, 7),(NULL, 173, 11),(NULL, 252, 6),(NULL, 48, 6),(NULL, 171, 11),(NULL, 147, 4),(NULL, 122, 6),(NULL, 212, 2),(NULL, 99, 12),(NULL, 57, 4),(NULL, 99, 12),(NULL, 116, 6),(NULL, 117, 9),(NULL, 72, 1),(NULL, 167, 7),(NULL, 69, 12),(NULL, 220, 1),(NULL, 19, 9),(NULL, 255, 6),(NULL, 22, 10),(NULL, 82, 1),(NULL, 30, 4),(NULL, 246, 4),(NULL, 55, 7),(NULL, 110, 4),(NULL, 14, 8),(NULL, 108, 12),(NULL, 217, 8),(NULL, 291, 11),(NULL, 157, 5),(NULL, 110, 5),(NULL, 68, 8),(NULL, 122, 8),(NULL, 262, 3),(NULL, 76, 1),(NULL, 165, 5),(NULL, 298, 10),(NULL, 275, 7),(NULL, 88, 2),(NULL, 242, 12),(NULL, 105, 3),(NULL, 36, 6),(NULL, 177, 12),(NULL, 236, 8),(NULL, 249, 1),(NULL, 62, 4),(NULL, 267, 6),(NULL, 281, 8),(NULL, 214, 3),(NULL, 211, 4),(NULL, 280, 5),(NULL, 235, 3),(NULL, 114, 7),(NULL, 171, 2),(NULL, 156, 2),(NULL, 72, 3),(NULL, 138, 9),(NULL, 180, 3),(NULL, 179, 9),(NULL, 294, 1),(NULL, 195, 7),(NULL, 246, 5),(NULL, 228, 6),(NULL, 162, 12),(NULL, 165, 3),(NULL, 90, 10),(NULL, 255, 5),(NULL, 65, 2),(NULL, 169, 5),(NULL, 71, 7),(NULL, 244, 7),(NULL, 170, 11),(NULL, 258, 7),(NULL, 75, 4),(NULL, 204, 3),(NULL, 237, 5),(NULL, 107, 6),(NULL, 217, 3),(NULL, 215, 8),(NULL, 272, 9),(NULL, 273, 8),(NULL, 1, 5),(NULL, 72, 2),(NULL, 184, 9),(NULL, 170, 4),(NULL, 92, 12),(NULL, 205, 12),(NULL, 214, 2),(NULL, 127, 2),(NULL, 54, 8),(NULL, 125, 3),(NULL, 75, 9),(NULL, 235, 2),(NULL, 42, 7),(NULL, 63, 6),(NULL, 74, 12),(NULL, 279, 8),(NULL, 152, 7),(NULL, 32, 7),(NULL, 74, 3),(NULL, 282, 2),(NULL, 227, 3),(NULL, 216, 8),(NULL, 63, 4),(NULL, 213, 8),(NULL, 65, 5),(NULL, 74, 10),(NULL, 259, 7),(NULL, 102, 7),(NULL, 157, 3),(NULL, 166, 7),(NULL, 139, 7),(NULL, 6, 5),(NULL, 12, 2),(NULL, 93, 4),(NULL, 292, 9),(NULL, 15, 1),(NULL, 199, 5),(NULL, 100, 12),(NULL, 251, 1),(NULL, 191, 11),(NULL, 290, 5),(NULL, 279, 4),(NULL, 169, 10),(NULL, 42, 6),(NULL, 7, 4),(NULL, 206, 7),(NULL, 76, 2),(NULL, 35, 4),(NULL, 118, 3),(NULL, 164, 11),(NULL, 220, 6),(NULL, 261, 12),(NULL, 297, 4),(NULL, 141, 1),(NULL, 124, 11),(NULL, 296, 6),(NULL, 277, 11),(NULL, 106, 6),(NULL, 258, 2),(NULL, 237, 10),(NULL, 58, 3),(NULL, 38, 6),(NULL, 147, 12),(NULL, 8, 12),(NULL, 278, 3),(NULL, 263, 8),(NULL, 105, 7),(NULL, 49, 4),(NULL, 81, 6),(NULL, 72, 4),(NULL, 265, 1),(NULL, 232, 2),(NULL, 257, 5),(NULL, 222, 3),(NULL, 1, 11),(NULL, 22, 1),(NULL, 125, 7),(NULL, 8, 6),(NULL, 178, 8),(NULL, 33, 3),(NULL, 286, 11),(NULL, 66, 12),(NULL, 47, 1),(NULL, 33, 8),(NULL, 149, 5),(NULL, 269, 4),(NULL, 256, 12),(NULL, 208, 2),(NULL, 42, 8),(NULL, 77, 6),(NULL, 206, 4),(NULL, 233, 5),(NULL, 132, 1),(NULL, 121, 4),(NULL, 113, 5),(NULL, 247, 9),(NULL, 228, 4),(NULL, 24, 7),(NULL, 133, 3),(NULL, 89, 4),(NULL, 295, 7),(NULL, 61, 9),(NULL, 51, 12),(NULL, 43, 2),(NULL, 58, 9),(NULL, 67, 7),(NULL, 87, 2),(NULL, 81, 1),(NULL, 14, 1),(NULL, 115, 12),(NULL, 254, 9),(NULL, 240, 8),(NULL, 140, 5),(NULL, 216, 1),(NULL, 58, 8),(NULL, 25, 5),(NULL, 193, 4),(NULL, 260, 9),(NULL, 281, 3),(NULL, 249, 12),(NULL, 112, 2),(NULL, 275, 7),(NULL, 132, 1),(NULL, 225, 12),(NULL, 83, 3),(NULL, 243, 9),(NULL, 268, 10),(NULL, 180, 6),(NULL, 230, 11),(NULL, 156, 9),(NULL, 166, 3),(NULL, 167, 10),(NULL, 56, 4),(NULL, 166, 7),(NULL, 219, 11),(NULL, 245, 10),(NULL, 53, 9),(NULL, 7, 12),(NULL, 111, 1),(NULL, 261, 8),(NULL, 128, 8),(NULL, 147, 2),(NULL, 196, 11),(NULL, 48, 8),(NULL, 101, 4),(NULL, 94, 8),(NULL, 169, 7),(NULL, 49, 6),(NULL, 282, 11),(NULL, 18, 6),(NULL, 205, 3),(NULL, 2, 6),(NULL, 20, 5),(NULL, 249, 4),(NULL, 262, 10),(NULL, 97, 4),(NULL, 281, 5),(NULL, 178, 2),(NULL, 66, 12),(NULL, 216, 11),(NULL, 99, 10),(NULL, 111, 3),(NULL, 300, 8),(NULL, 256, 6),(NULL, 299, 6),(NULL, 60, 12),(NULL, 257, 7),(NULL, 118, 5),(NULL, 282, 12),(NULL, 152, 5),(NULL, 71, 7),(NULL, 286, 1),(NULL, 174, 5),(NULL, 223, 8),(NULL, 193, 5),(NULL, 199, 1),(NULL, 45, 6),(NULL, 156, 12),(NULL, 12, 4),(NULL, 279, 12),(NULL, 146, 7),(NULL, 283, 5),(NULL, 128, 7),(NULL, 297, 10),(NULL, 126, 1),(NULL, 92, 7),(NULL, 1, 7),(NULL, 223, 1),(NULL, 254, 1),(NULL, 289, 9),(NULL, 192, 4),(NULL, 20, 2),(NULL, 279, 10),(NULL, 27, 4),(NULL, 13, 1),(NULL, 92, 3),(NULL, 243, 3),(NULL, 50, 4),(NULL, 239, 9),(NULL, 78, 7),(NULL, 144, 7),(NULL, 292, 7),(NULL, 24, 2),(NULL, 268, 8),(NULL, 75, 4),(NULL, 135, 12),(NULL, 8, 12),(NULL, 202, 10),(NULL, 126, 5),(NULL, 90, 10),(NULL, 203, 3),(NULL, 74, 11),(NULL, 224, 1),(NULL, 148, 7),(NULL, 213, 6),(NULL, 78, 2),(NULL, 299, 11),(NULL, 94, 1),(NULL, 81, 5),(NULL, 285, 9),(NULL, 94, 1),(NULL, 104, 11),(NULL, 113, 6),(NULL, 242, 11),(NULL, 14, 6),(NULL, 82, 1),(NULL, 103, 4),(NULL, 77, 3),(NULL, 98, 11),(NULL, 27, 9),(NULL, 253, 3),(NULL, 206, 8),(NULL, 58, 2),(NULL, 82, 12),(NULL, 46, 3),(NULL, 207, 11),(NULL, 136, 2),(NULL, 14, 4),(NULL, 205, 7),(NULL, 116, 3),(NULL, 5, 1),(NULL, 196, 4),(NULL, 213, 11),(NULL, 238, 9),(NULL, 118, 8),(NULL, 285, 6),(NULL, 141, 4),(NULL, 124, 10),(NULL, 282, 9),(NULL, 291, 5),(NULL, 225, 5),(NULL, 237, 11),(NULL, 243, 7),(NULL, 211, 6),(NULL, 105, 12),(NULL, 36, 2),(NULL, 255, 1),(NULL, 109, 2),(NULL, 231, 8),(NULL, 19, 4),(NULL, 195, 1),(NULL, 10, 7),(NULL, 25, 3),(NULL, 70, 1),(NULL, 88, 9),(NULL, 189, 3),(NULL, 224, 10),(NULL, 183, 8),(NULL, 130, 7),(NULL, 56, 2),(NULL, 4, 12),(NULL, 25, 5),(NULL, 36, 1),(NULL, 110, 2),(NULL, 199, 10),(NULL, 221, 12),(NULL, 124, 6),(NULL, 104, 9),(NULL, 178, 7),(NULL, 188, 8),(NULL, 173, 12),(NULL, 169, 3),(NULL, 156, 4),(NULL, 198, 12),(NULL, 273, 7),(NULL, 142, 7),(NULL, 39, 5),(NULL, 241, 10),(NULL, 45, 5),(NULL, 195, 1),(NULL, 52, 8),(NULL, 252, 7),(NULL, 193, 4),(NULL, 226, 10),(NULL, 54, 2),(NULL, 27, 5),(NULL, 282, 11),(NULL, 219, 12),(NULL, 40, 12),(NULL, 103, 10),(NULL, 263, 2),(NULL, 277, 4),(NULL, 292, 12),(NULL, 174, 10),(NULL, 96, 9),(NULL, 62, 9),(NULL, 5, 1),(NULL, 76, 2),(NULL, 102, 6),(NULL, 278, 8),(NULL, 131, 11),(NULL, 137, 9),(NULL, 291, 7),(NULL, 148, 7),(NULL, 141, 12),(NULL, 11, 12),(NULL, 147, 9),(NULL, 80, 9),(NULL, 103, 5),(NULL, 20, 9),(NULL, 177, 9),(NULL, 147, 11),(NULL, 95, 6),(NULL, 207, 11),(NULL, 73, 9),(NULL, 262, 2),(NULL, 170, 10),(NULL, 230, 12),(NULL, 96, 9),(NULL, 79, 3),(NULL, 58, 12),(NULL, 160, 5),(NULL, 48, 8),(NULL, 271, 9),(NULL, 12, 11),(NULL, 201, 1),(NULL, 29, 6),(NULL, 103, 10),(NULL, 45, 5),(NULL, 95, 1),(NULL, 255, 3),(NULL, 167, 9),(NULL, 235, 11),(NULL, 71, 6),(NULL, 200, 9),(NULL, 241, 7),(NULL, 145, 8),(NULL, 136, 7),(NULL, 230, 5),(NULL, 136, 9),(NULL, 107, 6),(NULL, 205, 6),(NULL, 294, 2),(NULL, 40, 1),(NULL, 118, 4),(NULL, 173, 10),(NULL, 31, 1),(NULL, 275, 3),(NULL, 236, 4),(NULL, 86, 8),(NULL, 173, 4),(NULL, 82, 1),(NULL, 224, 3),(NULL, 255, 7),(NULL, 25, 9),(NULL, 17, 6),(NULL, 9, 8),(NULL, 252, 12),(NULL, 158, 9),(NULL, 115, 11),(NULL, 61, 1),(NULL, 21, 2),(NULL, 261, 6),(NULL, 113, 5),(NULL, 146, 6),(NULL, 106, 6),(NULL, 184, 1),(NULL, 212, 12),(NULL, 293, 5),(NULL, 99, 4),(NULL, 199, 12),(NULL, 213, 3),(NULL, 204, 12),(NULL, 245, 11),(NULL, 94, 10),(NULL, 208, 5),(NULL, 232, 11),(NULL, 88, 12),(NULL, 10, 8),(NULL, 67, 3),(NULL, 18, 9),(NULL, 103, 10),(NULL, 86, 8),(NULL, 102, 5),(NULL, 10, 5),(NULL, 260, 3),(NULL, 154, 7),(NULL, 175, 10),(NULL, 78, 3),(NULL, 231, 1),(NULL, 174, 12),(NULL, 261, 2),(NULL, 108, 9),(NULL, 288, 8),(NULL, 273, 8),(NULL, 190, 9),(NULL, 269, 7),(NULL, 277, 5),(NULL, 222, 4),(NULL, 67, 1),(NULL, 168, 2),(NULL, 298, 4),(NULL, 239, 7),(NULL, 283, 11),(NULL, 155, 3),(NULL, 164, 12),(NULL, 44, 11),(NULL, 169, 1),(NULL, 40, 11),(NULL, 200, 7),(NULL, 170, 9),(NULL, 190, 3),(NULL, 235, 5),(NULL, 170, 2),(NULL, 263, 11),(NULL, 113, 12),(NULL, 247, 3),(NULL, 253, 2),(NULL, 79, 2),(NULL, 280, 7),(NULL, 253, 10),(NULL, 165, 10),(NULL, 103, 9),(NULL, 263, 1),(NULL, 146, 11),(NULL, 287, 12),(NULL, 111, 9),(NULL, 167, 5),(NULL, 11, 4),(NULL, 297, 9),(NULL, 21, 1),(NULL, 77, 4),(NULL, 237, 4),(NULL, 204, 8),(NULL, 224, 1),(NULL, 214, 6),(NULL, 90, 2),(NULL, 109, 4),(NULL, 79, 5),(NULL, 106, 4),(NULL, 195, 7),(NULL, 86, 6),(NULL, 217, 2),(NULL, 274, 12),(NULL, 80, 7),(NULL, 151, 12),(NULL, 57, 7),(NULL, 109, 9),(NULL, 277, 4),(NULL, 213, 2),(NULL, 135, 5),(NULL, 199, 2),(NULL, 98, 12),(NULL, 264, 10),(NULL, 157, 3),(NULL, 170, 2),(NULL, 114, 11),(NULL, 281, 7),(NULL, 98, 6),(NULL, 83, 12),(NULL, 282, 3),(NULL, 65, 10),(NULL, 160, 3),(NULL, 83, 6),(NULL, 156, 2),(NULL, 1, 11),(NULL, 178, 6),(NULL, 11, 1),(NULL, 212, 10),(NULL, 61, 11),(NULL, 36, 9),(NULL, 203, 12),(NULL, 280, 8),(NULL, 84, 5),(NULL, 43, 9),(NULL, 115, 9),(NULL, 295, 11),(NULL, 188, 3),(NULL, 82, 7),(NULL, 199, 9),(NULL, 87, 4),(NULL, 17, 8),(NULL, 254, 1),(NULL, 297, 5),(NULL, 285, 8),(NULL, 124, 10),(NULL, 39, 10),(NULL, 165, 5),(NULL, 26, 3),(NULL, 283, 2),(NULL, 94, 4),(NULL, 167, 3),(NULL, 134, 5),(NULL, 279, 12),(NULL, 264, 1),(NULL, 113, 2),(NULL, 53, 1),(NULL, 178, 11),(NULL, 248, 2),(NULL, 48, 6),(NULL, 252, 2),(NULL, 124, 8),(NULL, 204, 6),(NULL, 30, 11),(NULL, 39, 7),(NULL, 13, 2),(NULL, 49, 4),(NULL, 47, 1),(NULL, 107, 9),(NULL, 299, 10),(NULL, 150, 12),(NULL, 67, 3),(NULL, 102, 12),(NULL, 237, 6),(NULL, 39, 6),(NULL, 10, 10),(NULL, 152, 10),(NULL, 59, 2),(NULL, 66, 9),(NULL, 114, 11),(NULL, 249, 4),(NULL, 278, 7),(NULL, 258, 9),(NULL, 10, 6),(NULL, 2, 1),(NULL, 92, 2),(NULL, 274, 8),(NULL, 250, 5),(NULL, 65, 1),(NULL, 185, 3),(NULL, 157, 3),(NULL, 53, 2),(NULL, 78, 8),(NULL, 111, 5),(NULL, 298, 10),(NULL, 282, 12),(NULL, 274, 3),(NULL, 170, 5),(NULL, 274, 7),(NULL, 134, 2),(NULL, 34, 12),(NULL, 246, 1),(NULL, 35, 11),(NULL, 206, 6),(NULL, 112, 11),(NULL, 111, 4),(NULL, 128, 7),(NULL, 240, 3),(NULL, 272, 4),(NULL, 298, 7),(NULL, 87, 2),(NULL, 3, 4),(NULL, 180, 3),(NULL, 229, 11),(NULL, 137, 6),(NULL, 61, 5),(NULL, 14, 6),(NULL, 121, 1),(NULL, 178, 3),(NULL, 269, 10),(NULL, 105, 8),(NULL, 257, 12),(NULL, 100, 9),(NULL, 240, 6),(NULL, 288, 6),(NULL, 187, 5),(NULL, 204, 10),(NULL, 246, 2),(NULL, 230, 1),(NULL, 67, 10),(NULL, 66, 11),(NULL, 248, 6),(NULL, 49, 12),(NULL, 221, 10),(NULL, 240, 11),(NULL, 168, 5),(NULL, 247, 11),(NULL, 201, 1),(NULL, 214, 3),(NULL, 286, 7),(NULL, 226, 10),(NULL, 98, 4),(NULL, 59, 6),(NULL, 249, 9),(NULL, 77, 11),(NULL, 56, 3),(NULL, 295, 11),(NULL, 176, 10),(NULL, 273, 10),(NULL, 256, 9),(NULL, 92, 6),(NULL, 275, 2),(NULL, 107, 7),(NULL, 216, 6),(NULL, 87, 10),(NULL, 1, 3),(NULL, 290, 11),(NULL, 130, 4),(NULL, 3, 6),(NULL, 116, 4),(NULL, 54, 7),(NULL, 5, 12),(NULL, 238, 6),(NULL, 15, 8),(NULL, 51, 2),(NULL, 123, 1),(NULL, 73, 2),(NULL, 42, 4),(NULL, 92, 8),(NULL, 161, 7),(NULL, 92, 3),(NULL, 83, 5),(NULL, 18, 9),(NULL, 299, 4),(NULL, 82, 9),(NULL, 199, 8),(NULL, 207, 6),(NULL, 173, 8),(NULL, 223, 5),(NULL, 263, 2),(NULL, 42, 10),(NULL, 190, 6),(NULL, 229, 9),(NULL, 147, 1),(NULL, 30, 2),(NULL, 262, 12),(NULL, 77, 4),(NULL, 10, 5),(NULL, 162, 4),(NULL, 175, 8),(NULL, 173, 10),(NULL, 4, 5),(NULL, 291, 10),(NULL, 66, 2),(NULL, 299, 10),(NULL, 98, 1),(NULL, 282, 7),(NULL, 55, 5),(NULL, 185, 11),(NULL, 127, 11),(NULL, 285, 1),(NULL, 235, 7),(NULL, 151, 10),(NULL, 126, 11),(NULL, 95, 11),(NULL, 265, 7),(NULL, 118, 6),(NULL, 114, 7),(NULL, 290, 4),(NULL, 160, 7),(NULL, 285, 4),(NULL, 127, 10),(NULL, 235, 8),(NULL, 60, 12),(NULL, 197, 6),(NULL, 130, 1),(NULL, 49, 11),(NULL, 81, 11),(NULL, 211, 7),(NULL, 221, 9),(NULL, 120, 2),(NULL, 282, 2),(NULL, 35, 10),(NULL, 300, 7),(NULL, 128, 9),(NULL, 297, 8),(NULL, 228, 11),(NULL, 220, 3),(NULL, 104, 11),(NULL, 288, 12),(NULL, 203, 8),(NULL, 83, 3),(NULL, 38, 2),(NULL, 83, 1),(NULL, 103, 4),(NULL, 99, 2),(NULL, 30, 8),(NULL, 229, 10),(NULL, 112, 8),(NULL, 168, 7),(NULL, 168, 4),(NULL, 180, 6),(NULL, 63, 3),(NULL, 187, 9);
-- 购票明细
CREATE TABLE tickets(
    tkid INT PRIMARY KEY AUTO_INCREMENT,
    -- 关联场次
    tid INT, 
    -- 关联用户
    uid INT, 
    time BIGINT,
    count INT,
    -- 支付状态：0 未支付 1 已支付
    status INT,
    FOREIGN KEY (tid) REFERENCES tours(tid),
    FOREIGN KEY (uid) REFERENCES users(uid)
);
INSERT INTO tickets VALUES
  (NULL,220,10,1550075364667,1,1),(NULL,270,1,1558290468054,3,1),(NULL,222,9,1551846726724,3,0),(NULL,14,6,1550062986528,1,0),(NULL,108,4,1547504272536,3,1),(NULL,187,10,1554733879185,4,1),(NULL,242,1,1550112916501,4,1),(NULL,172,4,1551684028734,2,0),(NULL,48,8,1550785891579,3,1),(NULL,277,3,1549123271842,4,1),(NULL,245,6,1553228504731,3,0),(NULL,148,8,1554087004823,1,0),(NULL,137,6,1551614432372,2,1),(NULL,111,3,1552697187874,4,1),(NULL,24,2,1557383545532,2,0),(NULL,12,11,1552020117385,4,1),(NULL,18,12,1547256041536,1,1),(NULL,184,3,1555976118101,3,1),(NULL,271,6,1555763643912,1,1),(NULL,14,9,1548493775314,3,1),(NULL,217,2,1560040620569,1,1),(NULL,93,11,1557616871579,3,1),(NULL,142,1,1554697314091,2,1),(NULL,79,8,1555896671857,4,1),(NULL,285,8,1558161801534,1,0),(NULL,154,9,1559934401570,2,1),(NULL,256,1,1546912632830,3,1),(NULL,93,1,1551257137040,1,0),(NULL,203,11,1548176572024,4,0),(NULL,268,1,1549838837098,3,0),(NULL,188,9,1547294223886,4,1),(NULL,268,3,1550995559634,1,1),(NULL,13,4,1546938602517,3,1),(NULL,60,2,1554088374762,2,1),(NULL,242,7,1555379245303,4,1),(NULL,292,4,1558464404017,3,1),(NULL,91,8,1554774990023,3,1),(NULL,86,6,1555879277847,1,1),(NULL,152,7,1548512950689,2,1),(NULL,148,4,1546291214778,3,1),(NULL,139,11,1553187381898,4,1),(NULL,237,9,1554012992320,4,0),(NULL,234,2,1558777317487,4,1),(NULL,88,11,1557414814995,4,0),(NULL,61,10,1556541301861,2,1),(NULL,139,9,1551984849644,2,1),(NULL,180,2,1548546507270,4,1),(NULL,131,9,1560189142497,3,1),(NULL,185,1,1554466194191,1,1),(NULL,15,12,1550860830426,4,1),(NULL,87,8,1552057857242,3,0),(NULL,187,9,1550149418286,1,1),(NULL,278,9,1548137701348,4,1),(NULL,126,2,1560076801214,1,1),(NULL,63,4,1554912531129,4,1),(NULL,14,10,1551760782861,2,1),(NULL,54,9,1556953817737,1,1),(NULL,99,6,1556433904898,2,0),(NULL,220,4,1550372703283,2,1),(NULL,26,4,1559773055769,1,1),(NULL,137,12,1554945399964,3,1),(NULL,101,12,1551061976602,2,0),(NULL,221,9,1553427404480,3,1),(NULL,214,7,1551702563634,2,1),(NULL,166,12,1560093171097,2,0),(NULL,63,6,1560134462785,3,0),(NULL,73,6,1547311163187,3,1),(NULL,87,11,1550111597418,2,1),(NULL,92,6,1552610104535,1,0),(NULL,6,2,1553697003507,2,0),(NULL,187,3,1558557402975,1,1),(NULL,289,8,1557024396781,1,0),(NULL,50,4,1555476369591,4,1),(NULL,68,11,1548067036991,3,1),(NULL,41,10,1558426778926,1,1),(NULL,89,4,1555304791039,3,1),(NULL,227,5,1558453328488,4,0),(NULL,10,6,1555561127931,2,1),(NULL,121,11,1549789376536,2,1),(NULL,65,9,1558610173652,3,1),(NULL,255,10,1551028491241,2,0),(NULL,111,3,1546612241447,2,1),(NULL,30,3,1557544599096,1,1),(NULL,33,10,1547640009117,2,0),(NULL,246,8,1551119920471,1,1),(NULL,286,12,1553677034900,2,0),(NULL,209,10,1549399842934,1,1),(NULL,14,3,1559587639805,3,0),(NULL,165,8,1559867868695,3,0),(NULL,262,9,1548014000547,4,1),(NULL,70,5,1555845163428,3,0),(NULL,119,4,1558985779330,3,0),(NULL,177,1,1549663782114,3,1),(NULL,91,10,1551261383829,1,1),(NULL,147,10,1554157165869,1,0),(NULL,89,3,1551538433308,4,0),(NULL,154,12,1551407375794,2,1),(NULL,227,9,1559678965463,2,1),(NULL,16,1,1559615001958,4,1),(NULL,17,7,1549333712505,4,1),(NULL,297,10,1549768539516,3,0),(NULL,246,2,1554359666378,2,0),(NULL,98,5,1549740476866,2,1),(NULL,289,8,1551045374758,4,1),(NULL,297,1,1551388856201,3,1),(NULL,124,11,1556923701540,2,1),(NULL,161,3,1559625659065,1,0),(NULL,9,1,1554012986717,4,1),(NULL,108,8,1558263324588,2,1),(NULL,155,5,1549338593914,1,0),(NULL,60,2,1553075028843,3,1),(NULL,114,5,1550152539634,3,1),(NULL,27,1,1558543766377,3,1),(NULL,150,7,1549501540847,4,1),(NULL,118,3,1556635343089,4,1),(NULL,71,10,1547555472970,4,1),(NULL,123,5,1554430722388,1,1),(NULL,9,8,1554116926968,1,1),(NULL,157,8,1559802458209,1,0),(NULL,215,1,1546413630297,3,0),(NULL,234,1,1559568184244,3,1),(NULL,42,1,1549979131142,1,1),(NULL,162,10,1559205987248,4,1),(NULL,274,12,1553462964081,3,1),(NULL,259,7,1549779763146,3,0),(NULL,220,4,1555450518357,1,0),(NULL,78,6,1556158765832,1,0),(NULL,241,9,1557619561235,3,1),(NULL,277,3,1548997360626,4,0),(NULL,93,10,1547231354841,3,1),(NULL,171,9,1551432809817,4,1),(NULL,261,2,1556056267754,4,0),(NULL,227,4,1553612978342,1,1),(NULL,52,3,1555563271465,2,1),(NULL,30,4,1557557306960,1,1),(NULL,39,4,1550821002945,1,0),(NULL,234,4,1559558839386,2,0),(NULL,62,6,1559409418538,2,1),(NULL,38,8,1555992911877,3,1),(NULL,53,9,1548906267774,1,1),(NULL,188,12,1547275268252,3,1),(NULL,20,10,1546348411787,3,0),(NULL,136,4,1551464502406,4,1),(NULL,82,9,1548864192477,2,1),(NULL,169,3,1554972928887,3,1),(NULL,67,5,1552786228484,2,1),(NULL,210,10,1550313547867,2,1),(NULL,90,7,1555062967399,2,1),(NULL,243,10,1555664728256,1,0),(NULL,105,12,1554208353186,1,1),(NULL,96,11,1552092924747,4,0),(NULL,44,10,1553393903329,1,1),(NULL,95,8,1553265244806,3,1),(NULL,255,9,1554325414168,2,0),(NULL,67,6,1551419166475,4,0),(NULL,182,12,1556119306538,2,1),(NULL,42,6,1554906451827,3,1),(NULL,91,8,1559152598614,4,0),(NULL,90,4,1559036239347,2,1),(NULL,22,10,1560128826620,4,0),(NULL,35,12,1547065138809,2,1),(NULL,213,1,1554698368731,2,0),(NULL,104,8,1558458232800,2,1),(NULL,166,3,1553339047350,2,1),(NULL,254,3,1558697471909,3,1),(NULL,196,6,1551548523662,2,1),(NULL,121,11,1550404701256,2,1),(NULL,146,9,1558272913372,4,1),(NULL,299,6,1556549524312,3,0),(NULL,277,2,1552825513835,3,1),(NULL,272,1,1549463991247,1,1),(NULL,110,10,1555100149700,2,1),(NULL,268,5,1551266743803,4,1),(NULL,130,11,1551656041446,2,0),(NULL,59,1,1548758211893,2,1),(NULL,199,8,1547116363110,1,1),(NULL,197,5,1556059825742,2,1),(NULL,262,1,1554347203272,1,0),(NULL,135,3,1550502568765,2,1),(NULL,9,12,1556161539735,2,1),(NULL,201,9,1549615419924,3,0),(NULL,179,7,1547451013386,4,0),(NULL,163,5,1553322078570,2,1),(NULL,171,4,1559302058580,2,1),(NULL,14,9,1553022267689,4,0),(NULL,253,6,1553956865934,2,1),(NULL,90,5,1548730260988,1,1),(NULL,92,2,1554336550749,2,0),(NULL,100,1,1558553241388,1,1),(NULL,122,7,1547415225271,3,0),(NULL,163,10,1560103454151,2,1),(NULL,86,8,1551986744867,1,0),(NULL,34,11,1550391635797,1,1),(NULL,161,5,1554524591821,4,0),(NULL,65,4,1552080717186,3,1),(NULL,262,3,1555925685342,4,1),(NULL,27,10,1553432785823,4,1),(NULL,160,9,1550675011855,4,1),(NULL,15,9,1547788803049,3,0),(NULL,131,5,1555052686506,4,1),(NULL,37,4,1557637862973,3,1),(NULL,48,6,1552700189150,2,1),(NULL,176,4,1546605697765,4,1),(NULL,100,12,1549052147359,1,1),(NULL,31,1,1557139239793,3,1),(NULL,182,3,1550391534348,2,1),(NULL,71,5,1553371656944,4,0),(NULL,75,5,1550685876237,4,1),(NULL,121,5,1559296491182,1,0),(NULL,32,2,1548128233735,3,0),(NULL,53,11,1546987555161,4,1),(NULL,256,2,1558668788925,4,1),(NULL,252,8,1548077962831,3,0),(NULL,166,8,1547779127984,3,1),(NULL,155,7,1558997925609,3,1),(NULL,223,5,1555763050401,1,1),(NULL,61,8,1557057607017,3,0),(NULL,118,5,1546887243311,4,1),(NULL,110,8,1552462117024,4,1),(NULL,20,2,1549232036181,2,1),(NULL,124,10,1549480677926,2,1),(NULL,24,9,1558656569466,4,1),(NULL,271,6,1548606951467,4,1),(NULL,44,1,1547625775025,2,1),(NULL,172,5,1547292890582,2,1),(NULL,90,12,1549172208062,2,1),(NULL,213,3,1554918026428,4,1),(NULL,83,4,1559759874114,4,1),(NULL,66,7,1548799202144,3,1),(NULL,220,4,1550345126113,1,0),(NULL,41,2,1559944734477,4,1),(NULL,40,10,1555134690090,4,1),(NULL,112,6,1551933371573,2,1),(NULL,149,10,1551573501976,1,0),(NULL,82,10,1548589385269,4,1),(NULL,121,2,1553784514525,2,1),(NULL,115,12,1554052755970,1,1),(NULL,74,12,1557588050991,2,1),(NULL,224,5,1556809167159,3,1),(NULL,294,12,1555545973711,2,1),(NULL,298,8,1551906571718,3,1),(NULL,119,9,1559134753977,2,1),(NULL,287,9,1556097274784,4,0),(NULL,86,12,1557124705752,1,1),(NULL,38,4,1558585401195,3,1),(NULL,289,1,1557704079984,4,0),(NULL,78,2,1555649391309,4,1),(NULL,121,7,1552358571190,3,1),(NULL,196,10,1556911772773,1,1),(NULL,119,4,1556768534275,4,1),(NULL,32,10,1558783678434,2,1),(NULL,112,2,1552849033107,3,1),(NULL,97,1,1558816873077,2,1),(NULL,135,8,1551125299629,3,0),(NULL,204,5,1556156642131,1,1),(NULL,93,6,1555615744587,2,1),(NULL,108,11,1551198334060,4,1),(NULL,160,3,1555126622206,1,0),(NULL,83,7,1560185395628,4,1),(NULL,220,7,1554134617610,2,1),(NULL,47,8,1553135485368,1,1),(NULL,208,4,1560056551434,3,1),(NULL,198,10,1550507044727,3,1),(NULL,76,9,1552024953263,1,1),(NULL,289,12,1553481798121,4,1),(NULL,216,6,1556118903897,1,1),(NULL,77,5,1552374589138,2,1),(NULL,191,4,1548487559876,3,1),(NULL,82,8,1550548627118,1,0),(NULL,126,9,1548043590318,2,0),(NULL,17,11,1557576560549,4,1),(NULL,88,10,1554112904739,1,0),(NULL,273,11,1549161227121,3,1),(NULL,268,10,1559567104262,3,1),(NULL,167,1,1549559854575,3,1),(NULL,209,11,1558138343144,3,0),(NULL,177,1,1549023989866,1,1),(NULL,232,11,1547591798719,4,0),(NULL,132,4,1547036472628,2,1),(NULL,176,6,1557298427276,3,1),(NULL,158,3,1550012184252,1,1),(NULL,192,4,1559339296102,1,0),(NULL,48,5,1555813469318,1,1),(NULL,5,5,1552186207873,4,1),(NULL,281,9,1548490456987,4,1),(NULL,70,9,1547647717537,3,0),(NULL,35,9,1553552135625,3,1),(NULL,127,5,1550352248634,2,1),(NULL,204,8,1556899827243,3,0),(NULL,78,6,1548666355442,1,1),(NULL,157,3,1554822234834,3,1),(NULL,94,8,1557554625289,3,0),(NULL,204,2,1547208205188,1,1),(NULL,54,8,1553443408398,2,0),(NULL,231,7,1547678365486,2,0),(NULL,81,3,1556859473006,2,1),(NULL,281,9,1552530359123,3,1),(NULL,274,6,1548950063266,1,0),(NULL,248,4,1557507216981,2,1),(NULL,293,12,1550489807310,3,0),(NULL,292,3,1546773999670,1,1),(NULL,147,9,1552190282648,2,1),(NULL,46,5,1552711003991,1,1),(NULL,271,8,1554360714836,3,0),(NULL,97,1,1559860434710,4,1),(NULL,91,9,1550047062529,2,0),(NULL,152,6,1560090287510,3,1),(NULL,234,11,1550689570405,2,1),(NULL,219,3,1559787647101,2,1),(NULL,74,7,1550525833250,1,1),(NULL,228,2,1560209345998,4,1),(NULL,236,1,1554632174490,2,1),(NULL,258,10,1555471181442,4,1),(NULL,69,11,1554825580071,4,1),(NULL,275,12,1558876752188,1,1),(NULL,86,2,1555752701381,2,1),(NULL,163,5,1552027037093,1,1),(NULL,142,9,1553197469220,4,1),(NULL,81,4,1547018507481,1,1),(NULL,257,6,1552405233026,3,1),(NULL,228,9,1551245272835,4,0),(NULL,193,5,1556444906178,4,1),(NULL,184,5,1548487129616,4,1),(NULL,58,11,1552566393145,4,1),(NULL,241,4,1556604858765,1,1),(NULL,74,9,1555553219642,4,1),(NULL,294,8,1555122788515,2,1),(NULL,259,11,1546372275930,1,1),(NULL,72,4,1556212842927,1,1),(NULL,30,12,1558774679721,1,1),(NULL,50,1,1556798411856,4,1),(NULL,70,3,1558039864500,3,1),(NULL,22,2,1560154666565,2,1),(NULL,127,12,1551891335591,3,0),(NULL,69,1,1549115006082,1,1),(NULL,250,12,1548405234268,4,1),(NULL,254,12,1551166744136,1,0),(NULL,34,1,1554703467421,4,0),(NULL,43,12,1559420227537,1,1),(NULL,137,4,1556224104496,3,0),(NULL,212,7,1552052680027,1,0),(NULL,286,8,1554348982244,1,0),(NULL,28,2,1552479832627,4,0),(NULL,249,8,1556601539913,2,1),(NULL,35,11,1554364784451,3,1),(NULL,248,8,1557720247325,1,1),(NULL,187,3,1557520712793,4,0),(NULL,226,2,1553223306227,3,1),(NULL,129,7,1547376803099,3,1),(NULL,114,10,1550890788635,2,1),(NULL,225,11,1549886314922,4,0),(NULL,108,5,1557129907702,2,1),(NULL,299,6,1551779096948,2,0),(NULL,211,8,1550062186124,1,1),(NULL,247,2,1559849772545,3,1),(NULL,200,12,1546460285997,1,1),(NULL,185,3,1552654341373,1,0),(NULL,162,4,1550220394086,3,1),(NULL,132,7,1548764071806,4,1),(NULL,77,3,1550232704914,3,1),(NULL,223,2,1548612319957,1,0),(NULL,203,9,1555870940433,1,1),(NULL,93,12,1549078623381,4,1),(NULL,280,11,1559062773792,4,1),(NULL,139,6,1558130990118,3,0),(NULL,22,9,1551958600721,2,1),(NULL,112,12,1554284922188,1,1),(NULL,300,5,1547424913450,3,1),(NULL,47,7,1551274532900,1,1),(NULL,285,12,1554114230118,1,0),(NULL,155,8,1549998932682,4,1),(NULL,264,3,1559108798499,1,1),(NULL,48,9,1556088685453,2,1),(NULL,195,8,1554578510580,2,0),(NULL,6,8,1551724968674,1,1),(NULL,8,2,1554591387258,3,1),(NULL,219,10,1559211914362,3,1),(NULL,214,6,1552338040700,4,1),(NULL,20,11,1557724382100,2,0),(NULL,38,9,1546362729814,3,1),(NULL,244,2,1551221755243,3,0),(NULL,139,5,1554119123074,3,1),(NULL,187,12,1557994213757,3,1),(NULL,243,1,1559606547915,2,1),(NULL,51,6,1559531786356,2,1),(NULL,125,12,1549188847061,1,1),(NULL,77,9,1547482455585,2,1),(NULL,93,12,1549124672549,4,1),(NULL,39,10,1560197740218,1,0),(NULL,139,4,1552113704799,2,1),(NULL,221,3,1553223325131,1,1),(NULL,233,4,1548218040930,2,1),(NULL,250,9,1551071412463,3,1),(NULL,51,11,1551827914679,2,1),(NULL,31,4,1546904125727,4,1),(NULL,153,9,1547008708787,1,1),(NULL,144,3,1547518142425,3,1),(NULL,7,11,1553814097889,4,0),(NULL,86,7,1554163316819,3,1),(NULL,225,1,1554673370773,3,1),(NULL,249,12,1557149754548,2,1),(NULL,46,8,1550554571563,1,1),(NULL,201,11,1557965376949,1,0),(NULL,169,11,1550534480119,1,0),(NULL,210,9,1547100720132,2,1),(NULL,203,9,1556271737037,4,1),(NULL,117,8,1549725309458,1,0),(NULL,138,3,1549672891882,3,0),(NULL,101,5,1559831271348,1,1),(NULL,261,9,1553604425119,1,0),(NULL,221,7,1551073035865,3,1),(NULL,93,5,1549900301686,3,1),(NULL,28,9,1548254157285,3,1),(NULL,151,12,1554632631066,2,1),(NULL,188,2,1554188733181,4,1),(NULL,87,3,1548672031043,4,1),(NULL,206,5,1558566584549,1,0),(NULL,184,11,1551833011970,4,1),(NULL,176,3,1547701545823,1,1),(NULL,36,6,1548434188028,3,1),(NULL,86,4,1555012968242,1,1),(NULL,132,12,1553920667284,3,1),(NULL,29,12,1547819081352,2,1),(NULL,232,4,1558000563984,1,1),(NULL,103,11,1551449419138,1,1),(NULL,8,12,1550041053778,4,0),(NULL,253,10,1547938049657,4,0),(NULL,54,11,1556274162277,1,0),(NULL,60,2,1550407771786,3,1),(NULL,111,10,1548301664728,3,1),(NULL,272,2,1554346332563,1,1),(NULL,51,2,1557567219688,4,0),(NULL,286,6,1551675898218,1,0),(NULL,15,1,1555818128222,4,1),(NULL,93,12,1547528961505,2,0),(NULL,117,10,1552976268486,4,1),(NULL,228,8,1557430431469,2,1),(NULL,68,3,1548148776072,2,1),(NULL,163,6,1559235805579,2,0),(NULL,85,6,1557157980633,3,1),(NULL,131,10,1557285582480,3,1),(NULL,264,5,1555107653151,4,1),(NULL,194,12,1558695447726,4,1),(NULL,47,10,1546620161255,4,1),(NULL,255,11,1547172087675,4,1),(NULL,225,5,1558363198259,4,1),(NULL,36,10,1550307426019,2,1),(NULL,223,4,1551248066316,4,1),(NULL,188,8,1547885282755,3,1),(NULL,178,8,1547078781740,4,1),(NULL,164,4,1552925516498,4,0),(NULL,261,7,1552531511971,2,1),(NULL,192,9,1553582007216,1,0),(NULL,89,9,1550591044793,4,1),(NULL,176,3,1555132143931,4,1),(NULL,15,9,1553823914892,4,1),(NULL,296,1,1546560651367,4,1),(NULL,151,2,1552452216598,4,1),(NULL,108,2,1546816269594,3,0),(NULL,132,4,1555315132034,1,1),(NULL,142,7,1558547855406,3,1),(NULL,157,11,1552619526419,1,0),(NULL,67,11,1553402337716,4,1),(NULL,261,1,1547140494741,3,1),(NULL,266,1,1551399064005,3,1),(NULL,27,9,1555252244820,4,0),(NULL,276,6,1546546791173,1,0),(NULL,259,4,1559628853903,4,1),(NULL,256,12,1558774452479,2,1),(NULL,265,4,1558267181955,4,0),(NULL,85,4,1549211393662,1,0),(NULL,151,3,1551791229589,1,0),(NULL,98,12,1553059538585,3,1),(NULL,152,4,1552194187898,2,1),(NULL,7,10,1558955450333,2,1),(NULL,198,4,1560093605609,2,1),(NULL,86,10,1556866280206,1,0),(NULL,286,5,1546688460428,2,1),(NULL,244,6,1556075705012,4,1),(NULL,170,1,1555459905193,3,1),(NULL,265,10,1551383732865,1,1),(NULL,30,9,1549472608810,4,0),(NULL,94,7,1551599732542,4,1),(NULL,5,9,1550225370975,1,0),(NULL,97,7,1551580696733,3,0),(NULL,60,7,1554551202990,2,1),(NULL,242,12,1550630769392,4,1),(NULL,35,10,1550128419258,2,1),(NULL,11,5,1552969114040,3,1),(NULL,175,9,1550826606819,3,1),(NULL,115,6,1557013625511,3,0),(NULL,25,4,1550698758117,4,1),(NULL,300,3,1548971204812,3,0),(NULL,259,6,1549466046157,2,1),(NULL,198,9,1551908779166,2,0),(NULL,38,10,1547896976349,2,1),(NULL,176,4,1551628113820,2,0),(NULL,122,2,1552159466700,2,1),(NULL,212,2,1559481254287,2,0),(NULL,61,4,1556817492434,2,1),(NULL,229,6,1552709555578,4,0),(NULL,13,11,1551297887293,3,1),(NULL,20,2,1550498330167,4,1),(NULL,260,8,1555835422856,1,1),(NULL,199,4,1557501701628,3,0),(NULL,297,12,1552797633011,3,0),(NULL,111,7,1559569653854,4,0),(NULL,206,2,1559122851664,2,1),(NULL,247,12,1550710603073,3,1),(NULL,25,2,1550884501879,2,1),(NULL,101,8,1553498825290,2,1),(NULL,157,4,1547655428516,4,0),(NULL,156,7,1558346515898,2,1),(NULL,255,9,1559167982044,4,1),(NULL,206,6,1554608677832,4,0),(NULL,45,9,1559599158257,3,0),(NULL,254,10,1549898845200,3,0),(NULL,75,11,1550246281314,1,1),(NULL,98,4,1555714195659,3,1),(NULL,224,8,1550939794723,1,0),(NULL,24,3,1557153299465,1,1),(NULL,265,11,1553052291072,4,1),(NULL,261,7,1546889912625,2,1),(NULL,86,7,1546741102713,2,1),(NULL,165,10,1555474182796,1,0),(NULL,168,1,1549804735725,4,0),(NULL,118,6,1551429564875,2,1),(NULL,71,9,1557199527806,2,1),(NULL,75,11,1554573650522,4,0),(NULL,177,12,1559847110639,3,0),(NULL,252,7,1547397786357,2,0),(NULL,285,9,1558447683896,4,1),(NULL,98,1,1552755583761,3,1),(NULL,255,8,1557767222451,4,1),(NULL,105,2,1553922238335,2,1),(NULL,76,8,1547623839463,1,0),(NULL,244,4,1555500520877,2,1),(NULL,124,6,1554804363916,4,0),(NULL,11,4,1559553775082,2,1),(NULL,135,7,1558935816914,3,0),(NULL,3,12,1557726347376,3,1),(NULL,193,11,1550060724399,4,1),(NULL,102,9,1558972375630,3,1),(NULL,151,10,1551058331826,4,1),(NULL,9,11,1558479954689,2,0),(NULL,149,1,1550239210870,4,1),(NULL,98,7,1553364003917,4,0),(NULL,260,3,1559570442790,1,1),(NULL,232,6,1549749049021,2,1),(NULL,299,5,1555218131688,1,1),(NULL,114,2,1553553429516,3,0),(NULL,174,1,1559805003125,2,1),(NULL,285,5,1554403826600,3,0),(NULL,48,8,1546442198006,2,1),(NULL,70,6,1546629962574,4,1),(NULL,194,12,1560075109536,4,1),(NULL,64,1,1553121723514,1,1),(NULL,181,3,1559043873710,4,1),(NULL,154,5,1547988911220,1,1),(NULL,207,8,1553302550873,2,0),(NULL,183,7,1555204366675,2,0),(NULL,220,10,1552686825022,4,1),(NULL,249,8,1551924297816,2,1),(NULL,136,1,1546931115934,1,1),(NULL,89,2,1553992044641,4,0),(NULL,263,3,1552422076395,2,1),(NULL,132,12,1554404712567,2,1),(NULL,101,9,1558097363198,2,1),(NULL,123,8,1548240637160,1,0),(NULL,249,1,1553001182868,4,1),(NULL,16,4,1546307463242,3,1),(NULL,3,8,1549469502737,2,1),(NULL,127,1,1555626104623,3,1),(NULL,182,8,1546944265676,1,1),(NULL,98,4,1555489071243,3,1),(NULL,97,3,1553354124094,3,1),(NULL,208,12,1548284406643,3,1),(NULL,181,12,1553323527551,4,1),(NULL,273,9,1551455004520,2,1),(NULL,132,9,1552853146333,3,1),(NULL,22,6,1556659977319,3,0),(NULL,239,12,1548319735298,3,0),(NULL,188,10,1553503540375,4,1),(NULL,108,11,1550192378928,4,1),(NULL,293,4,1547816932224,4,1),(NULL,237,6,1549641427870,2,0),(NULL,86,2,1558647470145,3,0),(NULL,135,4,1555936989473,3,0),(NULL,211,10,1549516895885,3,1),(NULL,185,2,1552768736890,3,0),(NULL,121,7,1557096395706,4,0),(NULL,90,9,1548949923429,4,1),(NULL,79,8,1553879511471,1,1),(NULL,11,12,1552672315754,2,1),(NULL,218,9,1556979598917,2,0),(NULL,161,4,1558171443055,1,1),(NULL,233,10,1558767684805,1,0),(NULL,58,11,1559191416097,4,1),(NULL,290,7,1547440189120,2,1),(NULL,190,6,1556745585696,1,1);